-- 능력치 데이터
INSERT INTO attribute (id, type, name, description, default_level, bit_mask) VALUES
                                                                                        (101, 'MENTALITY', '인내', '쉽게 포기하지 않고 어려운 일도 끝까지 밀어붙일 수 있는 능력이에요.', 5, 1),
                                                                                        (102, 'MENTALITY', '집중', '한 가지 일에 몰입하고, 방해 요소를 차단할 수 있는 능력이에요.', 5, 2),
                                                                                        (103, 'MENTALITY', '제어', '감정이나 충동을 인식하고 스스로 조절할 수 있는 힘이에요.', 5, 4),
                                                                                        (104, 'MENTALITY', '영감', '새로운 아이디어를 떠올리고 창의적으로 표현할 수 있는 능력이에요.', 5, 8),
                                                                                        (105, 'MENTALITY', '성실', '단정코 반복적인 일도 꾸준히 실천할 수 있는 힘이에요.', 5, 16),
                                                                                        (106, 'MENTALITY', '용기', '두려움과 불확실성을 넘어서 행동할 수 있는 능력이에요.', 5, 32),
                                                                                        (201, 'SKILL', '건강', '몸의 컨디션을 관리하고 신체적 루틴을 실천하는 능력이에요.', 5, 64),
                                                                                        (202, 'SKILL', '전략', '시간, 일정, 우선순위를 스스로 설계하고 조정하는 능력이에요.', 5, 128),
                                                                                        (203, 'SKILL', '기록', '하루의 감정이나 정보를 정리하고 기록하는 능력이에요.', 5, 256),
                                                                                        (204, 'SKILL', '기술', '다양한 디지털 도구를 능숙하게 다루고 활용하는 능력이에요.', 5, 512),
                                                                                        (205, 'SKILL', '화술', '생각이나 감정을 말이나 글로 효과적으로 전달하는 능력이에요.', 5, 1024),
                                                                                        (206, 'SKILL', '탐구', '새로운 지식을 배우고, 스스로 공부하며 정리하는 능력이에요.', 5, 2048);

-- 정신/기술 능력치 경험치 별 레벨 데이터
INSERT INTO attribute_level (level, required_exp, type)
VALUES (1,20,'SKILL'),
       (2,30,'SKILL'),
       (3,42,'SKILL'),
       (4,55,'SKILL'),
       (5,69,'SKILL'),
       (6,84,'SKILL'),
       (7,100,'SKILL'),
       (8,117,'SKILL'),
       (9,135,'SKILL'),
       (10,154,'SKILL'),
       (11,159,'SKILL'),
       (12,165,'SKILL'),
       (13,171,'SKILL'),
       (14,177,'SKILL'),
       (15,183,'SKILL'),
       (16,189,'SKILL'),
       (17,195,'SKILL'),
       (18,201,'SKILL'),
       (19,207,'SKILL'),
       (20,213,'SKILL'),
       (21,220,'SKILL'),
       (22,226,'SKILL'),
       (23,232,'SKILL'),
       (24,239,'SKILL'),
       (25,245,'SKILL'),
       (26,252,'SKILL'),
       (27,258,'SKILL'),
       (28,265,'SKILL'),
       (29,271,'SKILL'),
       (30,278,'SKILL'),
       (31,285,'SKILL'),
       (32,291,'SKILL'),
       (33,298,'SKILL'),
       (34,305,'SKILL'),
       (35,311,'SKILL'),
       (36,318,'SKILL'),
       (37,325,'SKILL'),
       (38,332,'SKILL'),
       (39,338,'SKILL'),
       (40,345,'SKILL'),
       (41,352,'SKILL'),
       (42,359,'SKILL'),
       (43,366,'SKILL'),
       (44,373,'SKILL'),
       (45,379,'SKILL'),
       (46,386,'SKILL'),
       (47,393,'SKILL'),
       (48,400,'SKILL'),
       (49,407,'SKILL'),
       (50,414,'SKILL'),
       (51,421,'SKILL'),
       (52,428,'SKILL'),
       (53,435,'SKILL'),
       (54,442,'SKILL'),
       (55,449,'SKILL'),
       (56,456,'SKILL'),
       (57,463,'SKILL'),
       (58,470,'SKILL'),
       (59,477,'SKILL'),
       (60,484,'SKILL'),
       (61,491,'SKILL'),
       (62,498,'SKILL'),
       (63,506,'SKILL'),
       (64,513,'SKILL'),
       (65,520,'SKILL'),
       (66,527,'SKILL'),
       (67,534,'SKILL'),
       (68,541,'SKILL'),
       (69,548,'SKILL'),
       (70,556,'SKILL'),
       (71,563,'SKILL'),
       (72,570,'SKILL'),
       (73,577,'SKILL'),
       (74,585,'SKILL'),
       (75,592,'SKILL'),
       (76,599,'SKILL'),
       (77,606,'SKILL'),
       (78,614,'SKILL'),
       (79,621,'SKILL'),
       (80,628,'SKILL'),
       (81,635,'SKILL'),
       (82,643,'SKILL'),
       (83,650,'SKILL'),
       (84,657,'SKILL'),
       (85,665,'SKILL'),
       (86,672,'SKILL'),
       (87,679,'SKILL'),
       (88,687,'SKILL'),
       (89,694,'SKILL'),
       (90,701,'SKILL'),
       (91,709,'SKILL'),
       (92,716,'SKILL'),
       (93,724,'SKILL'),
       (94,731,'SKILL'),
       (95,738,'SKILL'),
       (96,746,'SKILL'),
       (97,753,'SKILL'),
       (98,761,'SKILL'),
       (99,768,'SKILL'),
       (1,8, 'MENTALITY'),
       (2,10, 'MENTALITY'),
       (3,14, 'MENTALITY'),
       (4,18, 'MENTALITY'),
       (5,23, 'MENTALITY'),
       (6,29, 'MENTALITY'),
       (7,36, 'MENTALITY'),
       (8,44, 'MENTALITY'),
       (9,53, 'MENTALITY'),
       (10,70, 'MENTALITY'),
       (11,74, 'MENTALITY'),
       (12,78, 'MENTALITY'),
       (13,82, 'MENTALITY'),
       (14,86, 'MENTALITY'),
       (15,90, 'MENTALITY'),
       (16,94, 'MENTALITY'),
       (17,99, 'MENTALITY'),
       (18,103, 'MENTALITY'),
       (19,107, 'MENTALITY'),
       (20,112, 'MENTALITY'),
       (21,116, 'MENTALITY'),
       (22,120, 'MENTALITY'),
       (23,125, 'MENTALITY'),
       (24,129, 'MENTALITY'),
       (25,133, 'MENTALITY'),
       (26,138, 'MENTALITY'),
       (27,142, 'MENTALITY'),
       (28,147, 'MENTALITY'),
       (29,151, 'MENTALITY'),
       (30,156, 'MENTALITY'),
       (31,160, 'MENTALITY'),
       (32,165, 'MENTALITY'),
       (33,169, 'MENTALITY'),
       (34,174, 'MENTALITY'),
       (35,179, 'MENTALITY'),
       (36,183, 'MENTALITY'),
       (37,188, 'MENTALITY'),
       (38,192, 'MENTALITY'),
       (39,197, 'MENTALITY'),
       (40,202, 'MENTALITY'),
       (41,206, 'MENTALITY'),
       (42,211, 'MENTALITY'),
       (43,215, 'MENTALITY'),
       (44,220, 'MENTALITY'),
       (45,225, 'MENTALITY'),
       (46,229, 'MENTALITY'),
       (47,234, 'MENTALITY'),
       (48,239, 'MENTALITY'),
       (49,243, 'MENTALITY'),
       (50,248, 'MENTALITY'),
       (51,253, 'MENTALITY'),
       (52,258, 'MENTALITY'),
       (53,262, 'MENTALITY'),
       (54,267, 'MENTALITY'),
       (55,272, 'MENTALITY'),
       (56,277, 'MENTALITY'),
       (57,281, 'MENTALITY'),
       (58,286, 'MENTALITY'),
       (59,291, 'MENTALITY'),
       (60,296, 'MENTALITY'),
       (61,300, 'MENTALITY'),
       (62,305, 'MENTALITY'),
       (63,310, 'MENTALITY'),
       (64,315, 'MENTALITY'),
       (65,320, 'MENTALITY'),
       (66,324, 'MENTALITY'),
       (67,329, 'MENTALITY'),
       (68,334, 'MENTALITY'),
       (69,339, 'MENTALITY'),
       (70,344, 'MENTALITY'),
       (71,348, 'MENTALITY'),
       (72,353, 'MENTALITY'),
       (73,358, 'MENTALITY'),
       (74,363, 'MENTALITY'),
       (75,368, 'MENTALITY'),
       (76,373, 'MENTALITY'),
       (77,378, 'MENTALITY'),
       (78,382, 'MENTALITY'),
       (79,387, 'MENTALITY'),
       (80,392, 'MENTALITY'),
       (81,397, 'MENTALITY'),
       (82,402, 'MENTALITY'),
       (83,407, 'MENTALITY'),
       (84,412, 'MENTALITY'),
       (85,417, 'MENTALITY'),
       (86,422, 'MENTALITY'),
       (87,427, 'MENTALITY'),
       (88,431, 'MENTALITY'),
       (89,436, 'MENTALITY'),
       (90,441, 'MENTALITY'),
       (91,446, 'MENTALITY'),
       (92,451, 'MENTALITY'),
       (93,456, 'MENTALITY'),
       (94,461, 'MENTALITY'),
       (95,466, 'MENTALITY'),
       (96,471, 'MENTALITY'),
       (97,476, 'MENTALITY'),
       (98,481, 'MENTALITY'),
       (99,486, 'MENTALITY');


-- 퀘스트 테마
INSERT INTO quest_theme (linked_attribute, id, name) VALUES
                                                         (262,1, '디지털 사용 절제'),
                                                         (81,2, '건강 루틴 만들기'),
                                                         (268,3, '감정 인식 훈련'),
                                                            (146,4, '집중 환경 조성'),
                                                            (536,5, '창작 습관 만들기'),
                                                            (1060,6, '의사소통 훈련'),
                                                            (146,7, '목표 계획 루틴'),
                                                            (276,8, '기록 습관 형성'),
                                                            (2051,9, '학습 루틴 만들기'),
                                                            (552,10, '새로운 시도 도전'),
                                                            (81,11, '체력 단련 루틴'),
                                                            (81,12, '아침 루틴 정착'),
                                                            (324,13, '수면 습관 개선'),
                                                            (276,14, '소비 절제 루틴'),
                                                            (386,15, '계획 & 일정 관리'),
                                                            (280,16, '글쓰기 루틴 만들기'),
                                                            (146,17, '타이머 집중 훈련'),
                                                            (1060,18, '감정 표현 연습'),
                                                            (2178,19, '요약 정리 습관'),
                                                            (536,20, '창의적 표현 루틴'),
                                                            (268,21, '생각 정리 훈련'),
                                                            (1044,22, '말하기 피드백 루틴'),
                                                            (274,23, '하루 회고 습관'),
                                                            (19,24, '몰입 훈련 챌린지'),
                                                            (2178,25, '생산성 실험 루틴'),
                                                            (2178,26, '논리적 사고 훈련'),
                                                            (1568,27, '말솜씨 향상 루틴'),
                                                            (70,28, '감정 회복 루틴'),
                                                            (2568,29, '탐색 & 실험 루틴'),
                                                            (145,30, '습관 유지력 실험'),
                                                            (336,31, '생활 루틴 다이어리');

-- 메인퀘스트
INSERT INTO public.main_quest(
    linked_attribute, id, theme_id, name, attribute1, attribute2, exp1, exp2, npc_name)
VALUES (260,1001, 1, '스마트폰 사용 패턴 분석 습관 만들기', 203, 103, 100, 50, '패턴의 기록자'),
       (6,1002, 1, 'SNS 사용 절제 습관 만들기', 103, 102, 100, 50, '절제의 시험관'),
       (6,1003, 1, '디지털 방해 없는 몰입 시간 습관 만들기', 102, 103, 100, 50, '몰입의 수호자'),
       (258,1004, 1, '디지털 사용 시간 추적 습관 만들기', 203, 102, 100, 50, '시간의 감시자'),
       (4,1007, 1, '디지털 차단 도구 활용 습관 만들기', 103, null, 100, 50, '차단의 수행자'),
       (260,1008, 1, '디지털 행동 돌아보기 습관 만들기', 203, 103, 100, 50, '행동의 조율자'),
       (6,1009, 1, '집중 방해 요인 인식 습관 실험하기', 102, 103, 100, 50, '방해의 인식자'),
       (260,1010, 1, '디지털 절제 행동 일기 쓰기 습관 만들기', 203, 103, 100, 50, '절제의 연대기자'),
       (260,1012, 1, '디지털 절제 습관 유지력 분석하기', 103, 203, 100, 50, '유지의 분석가'),
       (6,1013, 1, '디지털 절제 성공 사례 따라 실천해보기', 103, 102, 100, 50, '성공의 모방자'),
       (260,1015, 1, '디지털 절제 시간대 정해서 목표 세우기', 103, 203, 100, 50, '시간대의 설계자'),
       (6,1016, 1, '디지털 알림 차단하고 집중 환경 만들기', 103, 102, 100, 50, '집중의 전략가'),
       (6,1018, 1, '스마트폰 차단하고 집중 공부 습관 만들기', 103, 102, 100, 50, '공부의 방어자'),
       (65,2001, 2, '걷기 습관 정착시키기', 201, 101, 100, 50, '걷기의 인도자'),
       (80,2002, 2, '스트레칭 습관 만들기', 201, 105, 100, 50, '유연의 수련자'),
       (80,2003, 2, '기상 후 체조 습관 만들기', 201, 105, 100, 50, '활력의 개척자'),
       (320,2004, 2, '수분 섭취 체크 습관 만들기', 201, 203, 100, 50, '수분의 점검자'),
       (65,2005, 2, '취침 전 이완 습관 만들기', 201, 101, 100, 50, '이완의 조율자'),
       (320,2006, 2, '건강 상태 기록 습관 만들기', 203, 201, 100, 50, '건강의 연대기자'),
       (320,2007, 2, '체온/맥박 자가 체크 습관 만들기', 203, 201, 100, 50, '체온의 감시자'),
       (80,2008, 2, '수면 습관 개선 실천하기', 201, 105, 100, 50, '숙면의 수호자'),
       (80,2009, 2, '식사 시간 일정 유지 습관 만들기', 201, 105, 100, 50, '식사의 관리자'),
       (65,2010, 2, '홈 트레이닝 습관 만들기', 201, 101, 100, 50, '홈짐의 전도자'),
       (66,2011, 2, '눈 피로 줄이기 실천하기', 201, 102, 100, 50, '눈의 회복자'),
       (80,2012, 2, '바른 자세 유지 습관 만들기', 201, 105, 100, 50, '자세의 교정가'),
       (320,2014, 2, '피로도 인식 훈련 습관 만들기', 201, 203, 100, 50, '피로의 감지자'),
       (80,2015, 2, '햇빛 쬐기 실천 습관 만들기', 201, 105, 100, 50, '햇살의 인도자'),
       (65,2016, 2, '호흡 조절/명상 실천 습관 만들기', 201, 101, 100, 50, '호흡의 정령'),
       (192,2017, 2, '야외 활동 실천 습관 만들기', 201, 202, 100, 50, '바깥의 정찰자'),
       (320,2018, 2, '건강 루틴 점검 습관 만들기', 201, 203, 100, 50, '루틴의 점검자'),
       (260,3001, 3, '감정 일기 습관 만들기', 203, 103, 100, 50, '감정의 연대기자'),
       (260,3002, 3, '감정 변화 시점 인식 훈련하기', 203, 103, 100, 50, '변화의 인식자'),
       (264,3003, 3, '감정 발생 원인 분석 습관 만들기', 203, 104, 100, 50, '원인의 분석가'),
       (264,3004, 3, '하루 감정 요약 키워드 정리하기', 203, 104, 100, 50, '키워드의 정리자'),
       (260,3007, 3, '부정 감정 트리거 인식 훈련하기', 103, 203, 100, 50, '트리거의 감시자'),
       (260,3009, 3, '감정 상태 자가체크 습관 만들기', 103, 203, 100, 50, '상태의 측정자'),
       (264,3010, 3, '감정 표현 어휘 확장 훈련하기', 104, 203, 100, 50, '어휘의 확장자'),
       (264,3012, 3, '감정 시간대 분석 습관 만들기', 203, 104, 100, 50, '시간대의 추적자'),
       (264,3014, 3, '감정 기록 시스템 설계 실천하기', 203, 104, 100, 50, '시스템의 설계자'),
       (260,3015, 3, '감정 인식 훈련 피드백 정리하기', 203, 103, 100, 50, '피드백의 수집자'),
       (12,3016, 3, '감정 표현 일상에 적용 실험하기', 104, 103, 100, 50, '표현의 실험자'),
       (12,3017, 3, '감정 리프레이밍 실천 습관 만들기', 103, 104, 100, 50, '리프레임의 조율자'),
       (260,3018, 3, '감정 체크 루틴 점검 습관 만들기', 203, 103, 100, 50, '체크의 반복자'),
       (18,4001, 4, '작업 공간 정돈 습관 만들기', 102, 105, 100, 50, '정돈의 달인'),
       (130,4002, 4, '소음 차단 환경 만들기 도전', 102, 202, 100, 50, '소음의 방패'),
       (18,4003, 4, '타이머 집중 도구 실천 습관 만들기', 102, 105, 100, 50, '타이머의 연금술사'),
       (130,4004, 4, '디지털 알림 차단 전략 실천하기', 102, 202, 100, 50, '알림의 차단자'),
       (258,4005, 4, '집중 시간대 파악 실험하기', 102, 203, 100, 50, '황금시간의 추적자'),
       (258,4006, 4, '집중 흐름 끊는 요인 정리하기', 102, 203, 100, 50, '혼란의 제거자'),
       (130,4007, 4, '집중 전 루틴 설계하기', 102, 202, 100, 50, '루틴의 설계자'),
       (144,4008, 4, '집중 환경 점검 체크리스트 만들기', 105, 202, 100, 50, '환경의 점검자'),
       (130,4009, 4, '업무/학습 공간 최적화 시도하기', 102, 202, 100, 50, '공간의 최적가'),
       (18,4010, 4, '시선 방해 제거 실천하기', 102, 105, 100, 50, '시선의 방어자'),
       (10,4014, 4, '집중 목표 시각화 실험하기', 102, 104, 100, 50, '집중의 정령'),
       (258,4015, 4, '집중 모드 시간 측정 습관 만들기', 102, 203, 100, 50, '흐름의 측정자'),
       (258,4017, 4, '집중 환경 자가 진단 훈련하기', 102, 203, 100, 50, '자가 진단자'),
       (264,5002, 5, '창작 발상 리스트 정리하기', 104, 203, 100, 50, '발상의 수집자'),
       (24,5003, 5, '짧은 창작 실험 습관 만들기', 104, 105, 100, 50, '창작의 실험자'),
       (264,5005, 5, '기록 기반 창작 기획 실천하기', 203, 104, 100, 50, '기획의 설계자'),
       (264,5006, 5, '창작 소재 수집 정리 습관 만들기', 104, 203, 100, 50, '소재의 정리자'),
       (10,5007, 5, '창작 중 방해요인 차단 실천하기', 102, 104, 100, 50, '방해의 차단자'),
       (24,5008, 5, '아이디어 스케치 습관 만들기', 104, 105, 100, 50, '스케치의 수련자'),
       (264,5009, 5, '창작 흐름 기록 습관 만들기', 203, 104, 100, 50, '흐름의 기록자'),
       (40,5010, 5, '창작 피드백 수용 연습하기', 106, 104, 100, 50, '피드백의 수용자'),
       (136,5011, 5, '창작 과정 단계 정리해보기', 104, 202, 100, 50, '단계의 정리자'),
       (2056,5012, 5, '창작 주제 다각도 탐색 실험하기', 104, 206, 100, 50, '주제의 탐색자'),
       (10,5015, 5, '창작 시간 집중력 높이기 실천', 102, 104, 100, 50, '집중의 연금술사'),
       (144,5017, 5, '창작 일정 계획 및 실천하기', 105, 202, 100, 50, '일정의 직조가'),
       (1028,6001, 6, '말할 때 불필요한 습관 줄이기', 205, 103, 100, 50, '습관의 조율자'),
       (1056,6002, 6, '핵심만 전달하는 말하기 훈련', 205, 106, 100, 50, '핵심의 수련자'),
       (36,6003, 6, '불안감 없이 말하는 훈련', 106, 103, 100, 50, '불안의 방패'),
       (1028,6004, 6, '대화 중 끼어들기 줄이기 실천하기', 103, 205, 100, 50, '침묵의 수호자'),
       (1028,6005, 6, '어휘 선택 개선하기', 205, 103, 100, 50, '어휘의 정비자'),
       (1028,6006, 6, '칭찬이나 긍정 표현 늘리기', 205, 103, 100, 50, '긍정의 전도자'),
       (1056,6007, 6, '주제를 벗어나지 않고 말하기 훈련', 205, 106, 100, 50, '주제의 안내자'),
       (1028,6008, 6, '경청 중심 대화법 실천해보기', 103, 205, 100, 50, '경청의 교관'),
       (36,6009, 6, '대화 중 감정 절제하기', 103, 106, 100, 50, '감정의 절제자'),
       (1056,6010, 6, '즉흥적으로 말하는 상황 연습', 106, 205, 100, 50, '즉흥의 시험관'),
       (1056,6011, 6, '논리적으로 설득하는 말 구성해보기', 205, 106, 100, 50, '설득의 장인'),
       (1028,6012, 6, '의견 전달을 위한 키워드 정리 습관 만들기', 205, 103, 100, 50, '키워드의 정리자'),
       (1056,6013, 6, '발표 상황에서 톤과 속도 조절하기', 106, 205, 100, 50, '톤의 연금술사'),
       (1028,6014, 6, '말 실수 회고하고 개선점 정리하기', 103, 205, 100, 50, '회고의 기록자'),
       (1028,6015, 6, '질문에 핵심만 응답하는 연습', 205, 103, 100, 50, '응답의 훈련자'),
       (1056,6016, 6, '청중을 고려한 발표 구성 연습하기', 205, 106, 100, 50, '발표의 설계자'),
       (1028,6017, 6, '일상 대화에서 피드백 받기', 205, 103, 100, 50, '피드백의 수집자'),
       (1056,6018, 6, '자신감 있게 자기소개 말하기 연습', 106, 205, 100, 50, '소개의 도전자'),
       (144,7001, 7, '하루 우선순위 정리 습관 만들기', 202, 105, 100, 50, '우선순위의 전략가'),
       (18,7002, 7, '일정 전날 미리 계획 세우기', 105, 102, 100, 50, '계획의 설계자'),
       (144,7003, 7, '계획표에 따라 실천 흐름 유지하기', 105, 202, 100, 50, '흐름의 유지자'),
       (144,7004, 7, '작은 목표로 쪼개기 훈련', 202, 105, 100, 50, '분할의 마스터'),
       (384,7006, 7, '계획 실행률 기록 습관 만들기', 203, 202, 100, 50, '진척의 기록자'),
       (272,7007, 7, '일정 완료 후 피드백 남기기', 203, 105, 100, 50, '완료의 조율자'),
       (144,7008, 7, '목표와 보상 연결하는 계획 세우기', 202, 105, 100, 50, '동기의 디자이너'),
       (384,7009, 7, '일정 지연 원인 분석하기', 202, 203, 100, 50, '지연의 분석가'),
       (130,7010, 7, '중요 일정에 타이머 설정하기', 102, 202, 100, 50, '시계의 조정자'),
       (144,7011, 7, '중장기 계획 주간 단위로 나누기', 202, 105, 100, 50, '주간의 시간술사'),
       (144,7012, 7, '우선순위 태그 붙이기 습관 만들기', 105, 202, 100, 50, '마킹의 태그러'),
       (384,7013, 7, '계획과 실제 시간 비교 기록하기', 203, 202, 100, 50, '비교의 전략가'),
       (144,7014, 7, '목표 달성 위한 보상 설정 습관 만들기', 202, 105, 100, 50, '보상의 정령'),
       (384,7016, 7, '계획 실패 요인 회고하기', 203, 202, 100, 50, '실패의 복기자'),
       (272,7017, 7, '계획-실행-회고 사이클 만들기', 105, 203, 100, 50, '사이클의 수호자'),
       (144,7018, 7, '목표 실행 유도 트리거 정하기', 202, 105, 100, 50, '트리거의 촉진자'),
       (272,8001, 8, '하루 한 줄 메모 습관 만들기', 203, 105, 100, 50, '메모의 개척자'),
       (260,8002, 8, '기록 시작 전 주제 미리 정하기', 203, 103, 100, 50, '주제의 선별자'),
       (260,8003, 8, '일상 감정 기록하는 습관 들이기', 203, 103, 100, 50, '감정의 기록자'),
       (272,8004, 8, '기록 내용을 분류해서 정리하기', 203, 105, 100, 50, '분류의 마법사'),
       (260,8006, 8, '하루 기록 목표 주제 설정하기', 203, 103, 100, 50, '목표의 소환자'),
       (272,8007, 8, '기록 후 되돌아보기 습관 만들기', 203, 105, 100, 50, '회고의 관찰자'),
       (272,8009, 8, '주간 단위 기록 항목 정리하기', 203, 105, 100, 50, '주간의 정리자'),
       (264,8014, 8, '기록 템플릿 직접 구성해보기', 203, 104, 100, 50, '템플릿의 설계자'),
       (272,8015, 8, '기록 내용을 피드백으로 활용하기', 203, 105, 100, 50, '피드백의 연금술사'),
       (2050,9001, 9, '학습 전 목표 설정 습관 만들기', 102, 206, 100, 50, '목표의 지휘관'),
       (3,9002, 9, '학습 시간 집중 환경 만들기', 102, 101, 100, 50, '환경의 설계자'),
       (2050,9003, 9, '학습 후 요약 정리 습관 들이기', 206, 102, 100, 50, '요약의 마스터'),
       (3,9004, 9, '공부 전 마음가짐 점검하기', 101, 102, 100, 50, '마음가짐의 조율자'),
       (3,9005, 9, '학습 계획표 주간 단위로 작성하기', 102, 101, 100, 50, '계획의 장인'),
       (2050,9006, 9, '학습 내용 스스로 설명해보기', 206, 102, 100, 50, '설명의 수련자'),
       (2049,9007, 9, '어려운 개념 따로 정리해보기', 206, 101, 100, 50, '개념의 정리자'),
       (6,9008, 9, '집중 유지 시간 측정 습관 만들기', 102, 103, 100, 50, '시간의 측정자'),
       (3,9009, 9, '학습 중 방해요인 분석하기', 102, 101, 100, 50, '방해의 분석가'),
       (2304,9010, 9, '자기주도 학습 기록 정리하기', 206, 203, 100, 50, '기록의 연대기자'),
       (3,9012, 9, '틀린 문제 모아서 다시 풀기', 101, 102, 100, 50, '오답의 추적자'),
       (5,9013, 9, '하루 학습 시간 고정 실험하기', 103, 101, 100, 50, '루틴의 시험관'),
       (257,9015, 9, '학습 시간별 피로도 체크하기', 101, 203, 100, 50, '피로의 감지자'),
       (2304,9016, 9, '주간 학습 성과 회고하기', 203, 206, 100, 50, '성과의 평가자'),
       (258,9017, 9, '학습 목표 트래킹하기', 203, 102, 100, 50, '트래킹의 항해자'),
       (258,9018, 9, '학습 집중 루틴을 시각화하기', 102, 203, 100, 50, '시각화의 마법사'),
       (40,10001, 10, '한 번도 안 해본 활동 시도하기', 106, 104, 100, 50, '도전의 개척자'),
       (33,10002, 10, '낯선 공간에서 혼자 활동해보기', 106, 101, 100, 50, '낯섦의 방랑자'),
       (520,10003, 10, '새로운 도구 또는 앱 사용해보기', 204, 104, 100, 50, '도구의 탐험가'),
       (2056,10004, 10, '몰랐던 분야의 콘텐츠 탐색하기', 104, 206, 100, 50, '지식의 수색자'),
       (40,10005, 10, '평소 피하던 일에 도전해보기', 106, 104, 100, 50, '용기의 화신'),
       (264,10006, 10, '처음 듣는 주제로 글 써보기', 104, 203, 100, 50, '문장의 연금술사'),
       (48,10007, 10, '의견을 처음 내보는 자리 참여하기', 106, 105, 100, 50, '의견의 개척자'),
       (36,10008, 10, '실수해도 괜찮다는 태도 연습하기', 106, 103, 100, 50, '자비의 조언자'),
       (2080,10010, 10, '관심 없던 분야 질문해보기', 106, 206, 100, 50, '질문의 연금술사'),
       (40,10012, 10, '일상 루틴에 낯선 요소 추가해보기', 104, 106, 100, 50, '루틴의 변형자'),
       (40,10013, 10, '평소 스타일과 다른 옷 입어보기', 106, 104, 100, 50, '변신의 마스터'),
       (33,10014, 10, '처음 가보는 장소 혼자 가보기', 106, 101, 100, 50, '탐색의 정찰자'),
       (288,10016, 10, '도전한 경험 공유하는 글 써보기', 106, 203, 100, 50, '기록의 전도사'),
       (768,10017, 10, '새로운 작업 툴 기능 정리하기', 204, 203, 100, 50, '기능의 정비사'),
       (288,10018, 10, '도전 실패 경험 돌아보기', 106, 203, 100, 50, '끊임없는 도전자'),
       (80,11001, 11, '근력 중심 운동 계획 세우기', 201, 105, 100, 50, '근력의 설계자'),
       (192,11002, 11, '유산소 운동 습관화 전략 실천하기', 201, 202, 100, 50, '전장의 지휘관'),
       (320,11003, 11, '운동 후 피드백 기록 습관 만들기', 203, 201, 100, 50, '기록의 수집자'),
       (72,11004, 11, '운동 루틴 변화 실험하기', 201, 104, 100, 50, '루틴의 개척자'),
       (20,11005, 11, '운동 일정 고정 시간에 정착시키기', 105, 103, 100, 50, '시간의 수호자'),
       (65,11006, 11, '회복 스트레칭 루틴 설계하기', 201, 101, 100, 50, '회복의 연금술사'),
       (320,11007, 11, '피로도 관찰 후 운동 조절하기', 201, 203, 100, 50, '피로의 감시자'),
       (5,11008, 11, '운동 전 마음가짐 점검하기', 101, 103, 100, 50, '정신의 조율자'),
       (136,11009, 11, '운동 동기 자극 요소 정리하기', 202, 104, 100, 50, '동기의 추적자'),
       (320,11010, 11, '체력 변화 패턴 정리하기', 203, 201, 100, 50, '체력의 기록자'),
       (144,11011, 11, '장기 운동 목표 시각화하기', 202, 105, 100, 50, '목표의 시각가'),
       (80,11012, 11, '일상 속 움직임 기회 늘리기 실천', 201, 105, 100, 50, '활력의 전도자'),
       (192,11013, 11, '날씨나 환경 대안 운동 계획하기', 202, 201, 100, 50, '전략의 설계자'),
       (65,11014, 11, '비운동일 컨디션 관리 습관 만들기', 201, 101, 100, 50, '회복의 관리자'),
       (68,11015, 11, '운동 피로에 따른 수면 조절 실천', 201, 103, 100, 50, '수면의 조율자'),
       (257,11016, 11, '운동을 방해하는 요인 분석하기', 203, 101, 100, 50, '방해의 추적자'),
       (65,12001, 12, '기상 후 바로 움직이기 실천하기', 101, 201, 100, 50, '기상의 전령'),
       (144,12002, 12, '아침 루틴 항목 시각화해두기', 202, 105, 100, 50, '시각화의 인도자'),
       (20,12003, 12, '기상 시간 고정 습관 들이기', 105, 103, 100, 50, '시간의 고정자'),
       (257,12004, 12, '아침 활동 방해요인 분석하기', 203, 101, 100, 50, '방해의 탐지자'),
       (33,12006, 12, '아침마다 마음 다잡기 실천하기', 101, 106, 100, 50, '마음의 각성자'),
       (80,12007, 12, '기상 후 햇빛 받기 습관 만들기', 201, 105, 100, 50, '햇살의 인도자'),
       (65,12008, 12, '아침 스트레칭 루틴 만들기', 201, 101, 100, 50, '스트레칭의 개척자'),
       (80,12010, 12, '아침 식사 루틴 실천하기', 201, 105, 100, 50, '식사의 전도사'),
       (192,12012, 12, '아침 피로도 관리 전략 만들기', 202, 201, 100, 50, '피로의 조율자'),
       (144,12014, 12, '기상 직후 바로 할 일 정해두기', 105, 202, 100, 50, '계획의 고정자'),
       (129,12015, 12, '아침 시간만의 보상 정하기', 202, 101, 100, 50, '보상의 설계자'),
       (132,12016, 12, '아침 준비 시간 단축 실험하기', 202, 103, 100, 50, '시간단축의 실험자'),
       (6,13001, 13, '취침 전 방해요소 제거하기', 103, 102, 100, 50, '방해의 제거자'),
       (20,13002, 13, '수면 일정 고정 실천하기', 105, 103, 100, 50, '시간의 고정자'),
       (384,13003, 13, '취침 전 루틴 정리해두기', 202, 203, 100, 50, '루틴의 설계자'),
       (320,13004, 13, '수면 상태 체크 기록하기', 203, 201, 100, 50, '상태의 기록자'),
       (260,13005, 13, '수면 패턴 문제 요인 분석하기', 203, 103, 100, 50, '문제의 분석가'),
       (5,13006, 13, '수면 방해 습관 교체 실험하기', 103, 101, 100, 50, '습관의 교체자'),
       (6,13007, 13, '취침 시간대 집중 관리 실천하기', 102, 103, 100, 50, '집중의 관리자'),
       (132,13008, 13, '수면 목표 보상 설정해보기', 202, 103, 100, 50, '보상의 도전자'),
       (20,13009, 13, '기상 시간 일정하게 유지하기', 105, 103, 100, 50, '기상의 수호자'),
       (320,13010, 13, '수면 피드백 일지 정리하기', 203, 201, 100, 50, '피드백의 일지자'),
       (68,13011, 13, '카페인 섭취 시간 조절 실천하기', 103, 201, 100, 50, '카페인의 조율자'),
       (36,13012, 13, '수면 전 마음 비우기 실천하기', 103, 106, 100, 50, '마음의 비움자'),
       (260,13013, 13, '취침 전 스마트폰 사용 줄이기', 103, 203, 100, 50, '절제의 실천가'),
       (68,13014, 13, '조명/소리 환경 개선하기', 201, 103, 100, 50, '환경의 조정자'),
       (272,13015, 13, '기상 후 수면 상태 기록 습관', 203, 105, 100, 50, '기록의 관찰자'),
       (384,13016, 13, '수면 목표 요약 시각화하기', 202, 203, 100, 50, '목표의 예언자'),
       (260,14001, 14, '불필요한 소비 상황 기록하기', 203, 103, 100, 50, '지출의 감시자'),
       (260,14002, 14, '충동구매 상황 분석 정리하기', 203, 103, 100, 50, '충동의 분석가'),
       (272,14003, 14, '지출 내역 정리 습관 만들기', 203, 105, 100, 50, '내역의 정리자'),
       (20,14004, 14, '소비 유혹 상황 피하기 실천', 103, 105, 100, 50, '유혹의 회피자'),
       (132,14005, 14, '구매 전 숙고 체크리스트 만들기', 202, 103, 100, 50, '숙고의 설계자'),
       (260,14006, 14, '비합리적 소비 패턴 회고하기', 203, 103, 100, 50, '패턴의 반성자'),
       (132,14007, 14, '예산 한도 정해두기 실천하기', 103, 202, 100, 50, '한도의 수립자'),
       (2052,14008, 14, '소비 전 대안 탐색 습관 만들기', 103, 206, 100, 50, '대안의 탐색자'),
       (272,14009, 14, '정기적 소비 회고 시간 만들기', 105, 203, 100, 50, '회고의 수호자'),
       (136,14010, 14, '가치 중심 소비 기준 정하기', 202, 104, 100, 50, '가치의 정령'),
       (132,14011, 14, '소비 목표 보상 구조 설정하기', 202, 103, 100, 50, '보상의 설계자'),
       (20,14013, 14, '쇼핑 앱 사용 줄이기 실천하기', 103, 105, 100, 50, '예측의 전략가'),
       (132,14014, 14, '지출 트리거 상황 사전 예측하기', 202, 103, 100, 50, '감정의 기록자'),
       (260,14015, 14, '소비 후 감정 기록 습관 만들기', 203, 103, 100, 50, '트리거의 감지자'),
       (384,15001, 15, '하루 일정 사전 계획하기', 202, 203, 100, 50, '일정의 예언자'),
       (130,15002, 15, '중요 일정 우선순위 정하기', 202, 102, 100, 50, '우선의 판별자'),
       (384,15003, 15, '할 일 분류 시스템 만들기', 202, 203, 100, 50, '분류의 설계자'),
       (384,15004, 15, '계획 대비 실행 점검 루틴 만들기', 203, 202, 100, 50, '점검의 루틴메이커'),
       (272,15005, 15, '주간 단위 루틴 정리 실천하기', 203, 105, 100, 50, '주간의 정돈자'),
       (257,15008, 15, '계획 실패 원인 추적하기', 203, 101, 100, 50, '더미더미'),
       (130,15009, 15, '일정 집중 시간 확보하기', 102, 202, 100, 50, '더미더미'),
       (132,15010, 15, '계획 정리 툴 고정 활용 실천하기', 202, 103, 100, 50, '더미더미'),
       (258,15011, 15, '시간 누수 요인 찾아보기', 203, 102, 100, 50, '더미더미'),
       (272,15012, 15, '계획 실현율 점검 루틴 만들기', 203, 105, 100, 50, '더미더미'),
       (384,15013, 15, '장기 계획 단계별 나누기', 202, 203, 100, 50, '더미더미'),
       (136,15014, 15, '우선순위 결정 기준 만들기', 202, 104, 100, 50, '더미더미'),
       (6,15015, 15, '계획 집중 방해 요인 차단하기', 102, 103, 100, 50, '더미더미'),
       (384,15016, 15, '목표 중심 일정 조정 실천하기', 202, 203, 100, 50, '더미더미'),
       (264,16001, 16, '글쓰기 아이디어 정리 습관 만들기', 203, 104, 100, 50, '더미더미'),
       (272,16002, 16, '글감 수집 도구 활용 습관 만들기', 203, 105, 100, 50, '더미더미'),
       (136,16003, 16, '글의 구조 짜기 연습하기', 202, 104, 100, 50, '더미더미'),
       (264,16004, 16, '일상 관찰 후 메모 정리하기', 203, 104, 100, 50, '더미더미'),
       (264,16005, 16, '감정 표현 글쓰기 실천하기', 104, 203, 100, 50, '더미더미'),
       (264,16006, 16, '자기 생각 정리 글 연습하기', 104, 203, 100, 50, '더미더미'),
       (272,16007, 16, '일기 스타일 글쓰기 습관 만들기', 105, 203, 100, 50, '더미더미'),
       (24,16008, 16, '짧은 글 완성 연습하기', 105, 104, 100, 50, '더미더미'),
       (18,16009, 16, '글쓰기 집중 환경 만들기', 102, 105, 100, 50, '더미더미'),
       (264,16010, 16, '자주 쓰는 표현 모아보기', 203, 104, 100, 50, '더미더미'),
       (272,16012, 16, '글쓰기 루틴 리듬 점검하기', 105, 203, 100, 50, '더미더미'),
       (10,16013, 16, '글쓰기 전 머릿속 정리 훈련하기', 102, 104, 100, 50, '더미더미'),
       (24,16014, 16, '글쓰기 동기 정리하고 붙잡기', 104, 105, 100, 50, '더미더미'),
       (264,16015, 16, '창의적 주제 글쓰기 실험하기', 104, 203, 100, 50, '더미더미'),
       (136,16016, 16, '글 완성도 기준 정해보기', 202, 104, 100, 50, '더미더미'),
       (18,17001, 17, '타이머 집중 훈련 습관 만들기', 102, 105, 100, 50, '더미더미'),
       (130,17002, 17, '집중 시간 전용 타이머 설정하기', 102, 202, 100, 50, '더미더미'),
       (130,17003, 17, '작업 단위별 타이머 실험하기', 102, 202, 100, 50, '더미더미'),
       (18,17005, 17, '집중 루틴에 타이머 도입 실천하기', 102, 105, 100, 50, '더미더미'),
       (130,17006, 17, '타이머 설정 기준 정하기', 202, 102, 100, 50, '더미더미'),
       (258,17007, 17, '집중력 저하 원인 추적하기', 203, 102, 100, 50, '더미더미'),
       (130,17008, 17, '집중 환경 준비 체크리스트 만들기', 202, 102, 100, 50, '더미더미'),
       (258,17009, 17, '작업별 집중 시간 측정 습관화하기', 203, 102, 100, 50, '더미더미'),
       (384,17010, 17, '타이머 실천 결과 시각화하기', 203, 202, 100, 50, '더미더미'),
       (384,17011, 17, '집중 구간별 흐름 분석하기', 203, 202, 100, 50, '더미더미'),
       (272,17012, 17, '타이머 실패 원인 정리 습관 만들기', 203, 105, 100, 50, '더미더미'),
       (130,17013, 17, '집중 시간 증가 전략 실험하기', 202, 102, 100, 50, '더미더미'),
       (144,17014, 17, '타이머 집중 후 보상 설계하기', 202, 105, 100, 50, '더미더미'),
       (272,17015, 17, '집중 훈련 루틴 리듬 점검하기', 105, 203, 100, 50, '더미더미'),
       (18,17016, 17, '타이머 집중 지속성 테스트 해보기', 105, 102, 100, 50, '더미더미'),
       (260,18001, 18, '감정 단어 수집하고 분류하기', 103, 203, 100, 50, '더미더미'),
       (1028,18002, 18, '하루 감정 한 문장으로 표현하기', 103, 205, 100, 50, '더미더미'),
       (36,18003, 18, '감정 표현 말 습관 점검하기', 103, 106, 100, 50, '더미더미'),
       (1056,18004, 18, '감정 드러내는 대화 연습하기', 106, 205, 100, 50, '더미더미'),
       (36,18005, 18, '감정 표현 어려운 상황 정리하기', 103, 106, 100, 50, '더미더미'),
       (260,18006, 18, '감정 상태 회고 정리 습관 만들기', 103, 203, 100, 50, '더미더미'),
       (1028,18007, 18, '감정 완곡하게 전달하는 말 연습하기', 103, 205, 100, 50, '더미더미'),
       (1280,18008, 18, '감정 표현 질문 리스트 만들어보기', 205, 203, 100, 50, '더미더미'),
       (260,18009, 18, '감정 일기 작성 루틴 만들기', 203, 103, 100, 50, '더미더미'),
       (36,18010, 18, '감정 표현 실패 사례 돌아보기', 103, 106, 100, 50, '더미더미'),
       (132,18011, 18, '감정-상황 연결 구조 파악하기', 103, 202, 100, 50, '더미더미'),
       (1028,18012, 18, '내 감정 말로 정리하는 습관 만들기', 103, 205, 100, 50, '더미더미'),
       (1056,18013, 18, '감정 표현 연습 상황 만들기', 106, 205, 100, 50, '더미더미'),
       (1280,18014, 18, '감정 전달 피드백 정리 습관 만들기', 203, 205, 100, 50, '더미더미'),
       (2050,19001, 19, '정보 요약 연습 루틴 만들기', 206, 102, 100, 50, '더미더미'),
       (2304,19002, 19, '읽은 글 핵심 정리 습관 만들기', 206, 203, 100, 50, '더미더미'),
       (258,19003, 19, '강의 내용 요약 정리하기', 102, 203, 100, 50, '더미더미'),
       (2050,19004, 19, '요약용 키워드 뽑기 훈련하기', 206, 102, 100, 50, '더미더미'),
       (2176,19005, 19, '정보 정리 프레임 설계하기', 202, 206, 100, 50, '더미더미'),
       (3072,19006, 19, '요약 문장 구성 연습하기', 206, 205, 100, 50, '더미더미'),
       (2050,19007, 19, '문단 요약 실습 습관 만들기', 102, 206, 100, 50, '더미더미'),
       (2176,19008, 19, '정리 템플릿 만들고 적용하기', 202, 206, 100, 50, '더미더미'),
       (2176,19010, 19, '정보 정리 패턴 분석하기', 206, 202, 100, 50, '더미더미'),
       (2176,19011, 19, '노트 정리 기준 정해보기', 202, 206, 100, 50, '더미더미'),
       (384,19012, 19, '정리 결과 시각화 도전하기', 202, 203, 100, 50, '더미더미'),
       (2176,19013, 19, '정보 정리 전-후 비교 분석하기', 202, 206, 100, 50, '더미더미'),
       (2050,19014, 19, '글/영상 핵심 정리 연습하기', 102, 206, 100, 50, '더미더미'),
       (3072,19015, 19, '요약물 공유하고 피드백 받기', 205, 206, 100, 50, '더미더미'),
       (272,19016, 19, '정리 습관 리듬 점검하기', 105, 203, 100, 50, '더미더미'),
       (520,20001, 20, '아이디어 시각화 연습하기', 104, 204, 100, 50, '더미더미'),
       (24,20002, 20, '창의적 메모 습관 만들기', 104, 105, 100, 50, '더미더미'),
       (520,20003, 20, '떠오른 생각 그림으로 표현하기', 104, 204, 100, 50, '더미더미'),
       (24,20004, 20, '자유 창작 시간 확보 습관 만들기', 104, 105, 100, 50, '더미더미'),
       (264,20005, 20, '창의적 사고 흐름 정리하기', 104, 203, 100, 50, '더미더미'),
       (520,20006, 20, '하루 아이디어 1개 표현하기', 104, 204, 100, 50, '더미더미'),
       (24,20007, 20, '창작 재료 수집 루틴 만들기', 104, 105, 100, 50, '더미더미'),
       (528,20008, 20, '창작 과정 체크리스트 만들기', 204, 105, 100, 50, '더미더미'),
       (136,20009, 20, '아이디어 확장 실험하기', 104, 202, 100, 50, '더미더미'),
       (768,20010, 20, '창작 피드백 정리 습관 만들기', 203, 204, 100, 50, '더미더미'),
       (136,20011, 20, '비정형 아이디어 구상하기', 104, 202, 100, 50, '더미더미'),
       (528,20012, 20, '창작 루틴 리듬 점검하기', 105, 204, 100, 50, '더미더미'),
       (1536,20013, 20, '작업물 공유 루틴 설계하기', 204, 205, 100, 50, '더미더미'),
       (264,20014, 20, '창의적 주제 탐색 기록하기', 104, 203, 100, 50, '더미더미'),
       (24,20015, 20, '창작 몰입 시간 정기 확보하기', 104, 105, 100, 50, '더미더미'),
       (272,20016, 20, '창작 실패 원인 점검하기', 203, 105, 100, 50, '더미더미'),
       (264,21001, 21, '생각의 흐름 따라가며 정리하기', 104, 203, 100, 50, '더미더미'),
       (520,21002, 21, '머릿속 단어 시각화해보기', 104, 204, 100, 50, '더미더미'),
       (260,21003, 21, '혼란스러운 생각 구조화 연습하기', 103, 203, 100, 50, '더미더미'),
       (264,21004, 21, '떠오른 생각 기록 루틴 만들기', 203, 104, 100, 50, '더미더미'),
       (264,21005, 21, '생각 연결 지도 만들어보기', 104, 203, 100, 50, '더미더미'),
       (768,21006, 21, '생각 정리 도구 실험하기', 204, 203, 100, 50, '더미더미'),
       (132,21007, 21, '생각 분류 기준 정하기', 103, 202, 100, 50, '더미더미'),
       (260,21008, 21, '사고의 반복 패턴 점검하기', 103, 203, 100, 50, '더미더미'),
       (264,21009, 21, '복잡한 고민 시각화 연습하기', 104, 203, 100, 50, '더미더미'),
       (264,21010, 21, '의식의 흐름 글쓰기 실천하기', 203, 104, 100, 50, '더미더미'),
       (6,21011, 21, '생각 과잉 상태 조절 훈련하기', 103, 102, 100, 50, '더미더미'),
       (20,21012, 21, '머릿속 잡생각 점검 루틴 만들기', 103, 105, 100, 50, '더미더미'),
       (132,21013, 21, '생각 전환 스위치 만들어보기', 103, 202, 100, 50, '더미더미'),
       (2056,21014, 21, '주제 중심 생각 확장 훈련하기', 104, 206, 100, 50, '더미더미'),
       (272,21015, 21, '생각 정리 루틴 실천 지속성 점검', 105, 203, 100, 50, '더미더미'),
       (20,21016, 21, '주기적 생각 회고 시간 확보하기', 105, 103, 100, 50, '더미더미'),
       (1280,22001, 22, '말 습관 녹음하고 분석하기', 205, 203, 100, 50, '더미더미'),
       (272,22002, 22, '말한 내용 메모하며 되돌아보기', 203, 105, 100, 50, '더미더미'),
       (1028,22003, 22, '발화 속도 체크하고 조절하기', 103, 205, 100, 50, '더미더미'),
       (1040,22004, 22, '어조와 톤 피드백 받기 실천하기', 205, 105, 100, 50, '더미더미'),
       (1280,22005, 22, '발표 영상 분석하고 개선 포인트 찾기', 203, 205, 100, 50, '더미더미'),
       (1040,22006, 22, '말하기 녹음 습관 만들기', 105, 205, 100, 50, '더미더미'),
       (1028,22007, 22, '말투 조절 루틴 실험하기', 103, 205, 100, 50, '더미더미'),
       (1028,22008, 22, '의사 전달 명료도 점검하기', 205, 103, 100, 50, '더미더미'),
       (20,22009, 22, '불필요한 말 습관 줄이기 훈련하기', 103, 105, 100, 50, '더미더미'),
       (260,22010, 22, '주요 말버릇 리스트 정리하기', 203, 103, 100, 50, '더미더미'),
       (272,22011, 22, '스스로 피드백 노트 작성하기', 203, 105, 100, 50, '더미더미'),
       (1280,22012, 22, '말한 내용 요약 연습하기', 205, 203, 100, 50, '더미더미'),
       (1056,22013, 22, '의견 전달 실전 피드백 받기', 205, 106, 100, 50, '더미더미'),
       (1028,22014, 22, '감정 섞인 말투 점검하기', 103, 205, 100, 50, '더미더미'),
       (1040,22015, 22, '피드백 반영 말하기 실천 루틴 만들기', 105, 205, 100, 50, '더미더미'),
       (272,22016, 22, '대화 후 돌아보기 루틴 실천하기', 105, 203, 100, 50, '더미더미'),
       (272,23001, 23, '하루를 돌아보는 정리 습관 만들기', 105, 203, 100, 50, '더미더미'),
       (258,23002, 23, '하루 감정 흐름 회고하기', 203, 102, 100, 50, '더미더미'),
       (272,23003, 23, '하루 행동 체크리스트 작성하기', 105, 203, 100, 50, '더미더미'),
       (272,23004, 23, '오늘 좋았던 일 3가지 기록하기', 203, 105, 100, 50, '더미더미'),
       (258,23005, 23, '하루 중 실수 돌아보며 개선점 찾기', 102, 203, 100, 50, '더미더미'),
       (18,23006, 23, '하루 목표 달성 여부 점검하기', 102, 105, 100, 50, '더미더미'),
       (272,23007, 23, '하루 중 감사한 일 회고하기', 203, 105, 100, 50, '더미더미'),
       (258,23008, 23, '하루 에너지 흐름 관찰하기', 102, 203, 100, 50, '더미더미'),
       (258,23009, 23, '오늘 배운 점 정리하는 습관 만들기', 203, 102, 100, 50, '더미더미'),
       (272,23010, 23, '하루 패턴 되돌아보며 기록하기', 203, 105, 100, 50, '더미더미'),
       (384,23011, 23, '하루 회고 주제 정해서 정리하기', 203, 202, 100, 50, '더미더미'),
       (260,23012, 23, '하루 감정 단어 선택해 정리하기', 203, 103, 100, 50, '더미더미'),
       (272,23013, 23, '하루 끝 루틴에 회고 시간 포함하기', 105, 203, 100, 50, '더미더미'),
       (258,23014, 23, '하루 집중도 스스로 점검하기', 102, 203, 100, 50, '더미더미'),
       (260,23015, 23, '오늘 말과 행동 회고하는 습관 만들기', 203, 103, 100, 50, '더미더미'),
       (768,23016, 23, '하루의 흐름 시각화 연습하기', 204, 203, 100, 50, '더미더미'),
       (3,24001, 24, '집중 유지 시간 늘리기 실험하기', 102, 101, 100, 50, '더미더미'),
       (6,24002, 24, '몰입 방해 요소 차단 훈련하기', 102, 103, 100, 50, '더미더미'),
       (18,24003, 24, '집중 활동 전 준비 루틴 만들기', 105, 102, 100, 50, '더미더미'),
       (258,24004, 24, '몰입 시간 측정 도전하기', 102, 203, 100, 50, '더미더미'),
       (18,24005, 24, '한 가지 과제에 몰입 지속 연습하기', 102, 105, 100, 50, '더미더미'),
       (6,24006, 24, '집중 흐름 깨는 습관 인식하기', 102, 103, 100, 50, '더미더미'),
       (3,24007, 24, '주의 산만한 상황 설계하고 극복해보기', 102, 101, 100, 50, '더미더미'),
       (258,24008, 24, '몰입 목표 정하고 실천 기록하기', 102, 203, 100, 50, '더미더미'),
       (6,24009, 24, '디지털 방해 차단 루틴 실천하기', 102, 103, 100, 50, '더미더미'),
       (10,24010, 24, '집중 유도 음악/환경 실험하기', 102, 104, 100, 50, '더미더미'),
       (514,24011, 24, '집중 활동 시작 신호 만들어보기', 102, 204, 100, 50, '더미더미'),
       (258,24012, 24, '몰입 활동 중단 원인 분석하기', 203, 102, 100, 50, '더미더미'),
       (18,24013, 24, '몰입 지속력 점검 루틴 만들기', 102, 105, 100, 50, '더미더미'),
       (130,24014, 24, '시간 단위 집중 계획 짜보기', 102, 202, 100, 50, '더미더미'),
       (258,24015, 24, '몰입 일지 작성하며 성과 추적하기', 203, 102, 100, 50, '더미더미'),
       (10,24016, 24, '집중 성공 사례 모아보기', 102, 104, 100, 50, '더미더미'),
       (2176,25001, 25, '나만의 생산성 루틴 설계 실험하기', 202, 206, 100, 50, '더미더미'),
       (2050,25002, 25, '업무 집중 시간대 탐색 실험하기', 206, 102, 100, 50, '더미더미'),
       (2176,25003, 25, '루틴 구조 바꿔보고 비교해보기', 202, 206, 100, 50, '더미더미'),
       (129,25004, 25, '업무 방식 바꾸는 실험 도전하기', 202, 101, 100, 50, '더미더미'),
       (258,25005, 25, '생산성 시간 기록 습관 만들기', 203, 102, 100, 50, '더미더미'),
       (640,25006, 25, '작업 환경 변화 실험 루틴 만들기', 204, 202, 100, 50, '더미더미'),
       (640,25007, 25, '시간 관리 툴 도입 실험하기', 204, 202, 100, 50, '더미더미'),
       (6,25008, 25, '생산성 저해 습관 점검하기', 102, 103, 100, 50, '더미더미'),
       (768,25009, 25, '하루 업무 구조 시각화하기', 204, 203, 100, 50, '더미더미'),
       (2176,25010, 25, '업무 전환 방식 실험하기', 202, 206, 100, 50, '더미더미'),
       (2304,25011, 25, '작업 피로도 변화 기록하기', 203, 206, 100, 50, '더미더미'),
       (144,25012, 25, '업무 흐름 정리 루틴 만들기', 202, 105, 100, 50, '더미더미'),
       (130,25013, 25, '집중도에 따른 과제 우선순위 실험', 102, 202, 100, 50, '더미더미'),
       (2304,25014, 25, '루틴별 성과 비교 분석하기', 206, 203, 100, 50, '더미더미'),
       (2050,25015, 25, '업무 유형별 몰입 방식 정리하기', 102, 206, 100, 50, '더미더미'),
       (2304,25016, 25, '생산성 실험 결과 정리 습관 만들기', 203, 206, 100, 50, '더미더미'),
       (2176,26001, 26, '문제 해결 단계별 사고 정리하기', 202, 206, 100, 50, '더미더미'),
       (2304,26002, 26, '논리적 글쓰기 시도해보기', 206, 203, 100, 50, '더미더미'),
       (130,26003, 26, '원인-결과 구조 분석 훈련하기', 202, 102, 100, 50, '더미더미'),
       (640,26004, 26, '사고 흐름 다이어그램 그려보기', 204, 202, 100, 50, '더미더미'),
       (2176,26005, 26, '복잡한 상황을 논리로 풀어보기', 206, 202, 100, 50, '더미더미'),
       (2560,26006, 26, '생각을 도식화해서 정리하기', 204, 206, 100, 50, '더미더미'),
       (384,26007, 26, '하루 중 판단 실수 사례 정리하기', 203, 202, 100, 50, '더미더미'),
       (1152,26008, 26, '논리적 발표 흐름 정리 훈련하기', 205, 202, 100, 50, '더미더미'),
       (640,26009, 26, '의사결정 트리로 사고 정리하기', 204, 202, 100, 50, '더미더미'),
       (2176,26010, 26, '가정 기반 사고 실험하기', 206, 202, 100, 50, '더미더미'),
       (2050,26011, 26, '개념 정의 명확히 하는 훈련하기', 206, 102, 100, 50, '더미더미'),
       (3072,26012, 26, '논리적 반론 작성 연습하기', 205, 206, 100, 50, '더미더미'),
       (2304,26013, 26, '팩트 기반 주장 정리하기', 203, 206, 100, 50, '더미더미'),
       (384,26014, 26, '정보를 구조적으로 정리하는 습관', 203, 202, 100, 50, '더미더미'),
       (130,26015, 26, '비약 없이 설명 흐름 구성해보기', 102, 202, 100, 50, '더미더미'),
       (1152,26016, 26, '논리 흐름 분석 피드백 받아보기', 202, 205, 100, 50, '더미더미'),
       (1536,27001, 27, '자기소개 말하기 구조 정리하기', 205, 204, 100, 50, '더미더미'),
       (1280,27002, 27, '말할 내용 사전 정리 습관 만들기', 205, 203, 100, 50, '더미더미'),
       (1536,27003, 27, '말 시작 전에 생각 정리 훈련하기', 204, 205, 100, 50, '더미더미'),
       (1056,27004, 27, '주제별 1분 말하기 연습하기', 205, 106, 100, 50, '더미더미'),
       (1536,27005, 27, '불분명한 표현 바로잡기 습관 만들기', 205, 204, 100, 50, '더미더미'),
       (1056,27006, 27, '말 버릇 점검하고 수정하기', 205, 106, 100, 50, '더미더미'),
       (1280,27007, 27, '피드백 기반 말하기 개선 실험하기', 205, 203, 100, 50, '더미더미'),
       (1152,27008, 27, '설득력 있는 말하기 구조 훈련하기', 205, 202, 100, 50, '더미더미'),
       (1536,27009, 27, '말할 때 목소리 톤 조절 실습하기', 205, 204, 100, 50, '더미더미'),
       (1056,27010, 27, '청중 반응 관찰하며 말하기 실험하기', 205, 106, 100, 50, '더미더미'),
       (1032,27011, 27, '스토리텔링 방식으로 말하기 도전하기', 205, 104, 100, 50, '더미더미'),
       (1280,27012, 27, '말 실수 복기 루틴 만들기', 203, 205, 100, 50, '더미더미'),
       (1056,27013, 27, '일상 대화 속 감정 표현 실습하기', 205, 106, 100, 50, '더미더미'),
       (1152,27014, 27, '발표 흐름 설계하고 실험해보기', 205, 202, 100, 50, '더미더미'),
       (1536,27015, 27, '같은 말 다양한 방식으로 전달해보기', 205, 204, 100, 50, '더미더미'),
       (1280,27016, 27, '녹음 피드백으로 말투 분석하기', 203, 205, 100, 50, '더미더미'),
       (68,28001, 28, '감정 소비 후 회복 습관 만들기', 201, 103, 100, 50, '더미더미'),
       (260,28002, 28, '기분 변화 기록하고 돌아보기', 203, 103, 100, 50, '더미더미'),
       (68,28003, 28, '마음 진정 루틴 설계하고 실천하기', 103, 201, 100, 50, '더미더미'),
       (260,28004, 28, '감정 리듬 분석하고 정리하기', 203, 103, 100, 50, '더미더미'),
       (68,28005, 28, '긴장 완화 활동 습관 만들어보기', 201, 103, 100, 50, '더미더미'),
       (260,28006, 28, '스트레스 상황 정리 루틴 만들기', 203, 103, 100, 50, '더미더미'),
       (68,28007, 28, '나만의 진정 행동 패턴 실험하기', 103, 201, 100, 50, '더미더미'),
       (260,28008, 28, '감정 조절 실패 경험 복기하기', 203, 103, 100, 50, '더미더미'),
       (320,28009, 28, '피로 누적 상태 점검 습관 만들기', 201, 203, 100, 50, '더미더미'),
       (132,28010, 28, '감정 기복 시 회복 전략 만들기', 202, 103, 100, 50, '더미더미'),
       (2052,28011, 28, '감정 회복 루틴 효과 분석하기', 206, 103, 100, 50, '더미더미'),
       (260,28012, 28, '하루 감정 파악하고 태깅하기', 103, 203, 100, 50, '더미더미'),
       (132,28013, 28, '감정적 탈진 방지 계획 세우기', 202, 103, 100, 50, '더미더미'),
       (2052,28014, 28, '회복 도구 선택과 실험 루틴 만들기', 206, 103, 100, 50, '더미더미'),
       (260,28015, 28, '감정 회복력 점검 피드백 정리하기', 203, 103, 100, 50, '더미더미'),
       (66,28016, 28, '집중력 회복 습관 설계해보기', 102, 201, 100, 50, '더미더미'),
       (2056,29001, 29, '새로운 주제 탐색 습관 만들기', 206, 104, 100, 50, '더미더미'),
       (2560,29002, 29, '실험 기반 루틴 시도해보기', 206, 204, 100, 50, '더미더미'),
       (2304,29003, 29, '새 관심사 조사 정리해보기', 203, 206, 100, 50, '더미더미'),
       (2176,29004, 29, '시도 결과를 비교 분석하기', 206, 202, 100, 50, '더미더미'),
       (2056,29005, 29, '새로운 행동 패턴 실험하기', 206, 104, 100, 50, '더미더미'),
       (2560,29006, 29, '가설 기반 실천 루틴 만들기', 206, 204, 100, 50, '더미더미'),
       (40,29007, 29, '관심 생긴 활동 바로 시도해보기', 104, 106, 100, 50, '더미더미'),
       (2304,29008, 29, '생각 정리하며 실천 포인트 뽑아보기', 203, 206, 100, 50, '더미더미'),
       (640,29009, 29, '실천 효과 비교 루틴 구성하기', 202, 204, 100, 50, '더미더미'),
       (2176,29010, 29, '짧은 기간 실험 루틴 설계하기', 206, 202, 100, 50, '더미더미'),
       (768,29011, 29, '새로운 툴 실험하고 피드백 정리하기', 204, 203, 100, 50, '더미더미'),
       (2176,29012, 29, '실험 성공/실패 요인 분석하기', 202, 206, 100, 50, '더미더미'),
       (264,29013, 29, '흥미 끌리는 분야 정리해보기', 203, 104, 100, 50, '더미더미'),
       (2560,29014, 29, '아이디어 실현 가능성 테스트하기', 204, 206, 100, 50, '더미더미'),
       (2304,29015, 29, '새로운 루틴 도전 결과 복기하기', 203, 206, 100, 50, '더미더미'),
       (2304,29016, 29, '직접 시도 후 인사이트 정리하기', 203, 206, 100, 50, '더미더미'),
       (2080,29017, 29, '불확실한 활동에 도전해보기', 106, 206, 100, 50, '더미더미'),
       (2056,29018, 29, '자기 관심 탐색 루틴 설계하기', 206, 104, 100, 50, '더미더미'),
       (129,30001, 30, '자주 무너지는 습관 다시 설계하기', 101, 202, 100, 50, '더미더미'),
       (17,30002, 30, '꾸준히 이어가는 행동 실험하기', 105, 101, 100, 50, '더미더미'),
       (384,30003, 30, '습관 실패 원인 정리해보기', 203, 202, 100, 50, '더미더미'),
       (528,30004, 30, '하루 실천 루틴을 시각화하기', 204, 105, 100, 50, '더미더미'),
       (17,30005, 30, '습관 지키기 도전 설계하고 실험하기', 101, 105, 100, 50, '더미더미'),
       (2176,30006, 30, '지속 어려운 습관 비교 분석하기', 206, 202, 100, 50, '더미더미'),
       (272,30007, 30, '습관 유지 피드백 기록 습관화하기', 203, 105, 100, 50, '더미더미'),
       (17,30008, 30, '한 가지 행동을 꾸준히 실험하기', 105, 101, 100, 50, '더미더미'),
       (144,30009, 30, '습관 흐름에 맞는 환경 구성하기', 202, 105, 100, 50, '더미더미'),
       (257,30010, 30, '변화 없는 날의 패턴 기록해보기', 203, 101, 100, 50, '더미더미'),
       (2176,30011, 30, '습관 유지 중단 포인트 파악하기', 206, 202, 100, 50, '더미더미'),
       (2064,30012, 30, '작은 반복의 효과 관찰하기', 206, 105, 100, 50, '더미더미'),
       (384,30013, 30, '유지 가능한 루틴 조건 정리하기', 203, 202, 100, 50, '더미더미'),
       (528,30014, 30, '성실성 유지 도구 탐색해보기', 204, 105, 100, 50, '더미더미'),
       (129,30015, 30, '작심삼일 습관 개선 계획 세우기', 202, 101, 100, 50, '더미더미'),
       (272,30016, 30, '습관 실패에 대한 복기 루틴 만들기', 203, 105, 100, 50, '더미더미'),
       (2176,30017, 30, '성공한 루틴 비교 분석하기', 202, 206, 100, 50, '더미더미'),
       (272,30018, 30, '습관화 경험담 정리하고 공유하기', 203, 105, 100, 50, '더미더미'),
       (272,31001, 31, '매일 루틴 기록 습관 만들기', 203, 105, 100, 50, '더미더미'),
       (320,31002, 31, '기상~취침 루틴 흐름 정리하기', 203, 201, 100, 50, '더미더미'),
       (384,31003, 31, '생활 패턴 분석하고 개선 포인트 찾기', 202, 203, 100, 50, '더미더미'),
       (144,31004, 31, '기록 기반 루틴 최적화 시도하기', 202, 105, 100, 50, '더미더미'),
       (2304,31005, 31, '루틴 반복 실패 요인 적어보기', 203, 206, 100, 50, '더미더미'),
       (272,31006, 31, '하루 기록을 다음날 실천에 반영하기', 203, 105, 100, 50, '더미더미'),
       (80,31007, 31, '루틴 기반 건강관리 루트 설계하기', 201, 105, 100, 50, '더미더미'),
       (144,31008, 31, '정해진 시간대 루틴 유지 실험하기', 105, 202, 100, 50, '더미더미'),
       (272,31009, 31, '루틴 실천 여부 매일 체크하기', 203, 105, 100, 50, '더미더미'),
       (768,31011, 31, '생활 루틴 전용 다이어리 제작하기', 204, 203, 100, 50, '더미더미'),
       (2176,31012, 31, '실천 가능한 루틴 수 적정화 실험하기', 206, 202, 100, 50, '더미더미'),
       (144,31013, 31, '지속 가능한 루틴 구조 설계하기', 202, 105, 100, 50, '더미더미'),
       (2304,31014, 31, '루틴 실천 성공 패턴 정리하기', 203, 206, 100, 50, '더미더미'),
       (384,31015, 31, '루틴 점검과 수정 일지 쓰기', 203, 202, 100, 50, '더미더미'),
       (528,31016, 31, '하루 루틴 마감 체크리스트 만들기', 204, 105, 100, 50, '더미더미'),
       (2304,31017, 31, '기록 기반 생활 루틴 복기하기', 203, 206, 100, 50, '더미더미');



-- 서브 퀘스트
INSERT INTO public.sub_quest(
    id, action_unit_type, confirm_type, name)
VALUES
    (10001,'TIME_MINUTE','MOOD_LOG','기상 후 {0:d}분 동안 스마트폰 잠금 모드 유지'),(10002,'ONCE','MOOD_LOG','SNS 사용 전 감정 상태 기록하고 회고하기'),(10003,'ONCE','MOOD_LOG','하루 중 스마트폰 사용 시간 사각화해서 정리하기'),(10004,'ONCE','MOOD_LOG','불필요한 앱 삭제 리스트 만들어 실천하기'),(10005,'ONCE','MOOD_LOG','앱 별 스마트폰 사용 시간 회고 일기 쓰기'),(10006,'ONCE','MOOD_LOG','디지털 차단 앱 설치 및 사용 스크린샷 찍기'),(10007,'ONCE','MOOD_LOG','디지털 사용 시간 추적 앱 비교 분석 일기 쓰기'),(10008,'ONCE','MOOD_LOG','디지털 절제 성공 사례 분석하고 요약 정리하기'),(10009,'ONCE','MOOD_LOG','디지털 소비 습관을 관찰하고 메모 남기기'),(10010,'ONCE','MOOD_LOG','디지털 절제 시간대 정하고 메모 남기기'),(10011,'ONCE','MOOD_LOG','스마트폰 홈 화면에서 SNS 앱 제거하기'),(10012,'TIME_MINUTE','MOOD_LOG','디지털 사용 중단 후 {0:d}분간 감정 상태 관찰'),(10014,'ONCE','MOOD_LOG','집중 방해 요인 1가지 파악하고 노트에 정리하기'),(10015,'ONCE','MOOD_LOG','SNS 사용 전 "이용 목적" 간단히 적기'),(10016,'ONCE','MOOD_LOG','SNS 앱 삭제하고 대체 행동 기록하기'),(10017,'ONCE','MOOD_LOG','디지털 알림 끄고 환경 변화 사진으로 남기기'),(10018,'TIME_MINUTE','MOOD_LOG','기상 후 {0:d}분 동안 스마트폰 미사용하기'),(10019,'ONCE','MOOD_LOG','앱 별 하루 사용 시간 기록하고 순위 정리하기'),(10020,'ONCE','MOOD_LOG','하루 디지털 절제 성공/실패 포인트 구분하기'),(10021,'ONCE','MOOD_LOG','디지털 절제 행동 1가지 선택 후 성공 여부 체크'),(10022,'ONCE','MOOD_LOG','디지털 유혹 순간 대처한 방식 간단히 쓰기'),(10023,'TIME_SECOND','MOOD_LOG','디지털 사용 후 {0:d}초 내 회고 메모 작성'),(10024,'ONCE','MOOD_LOG','하루 동안 집중 잘 된 순간 회고 노트 정리하기'),(10025,'ONCE','MOOD_LOG','디지털 집중 방해요소 하나 제거하고 기록하기'),(10026,'NUMBER_2','MOOD_LOG','하루 앱 사용 중 불필요한 클릭 상황 기록하기'),(10027,'NUMBER_2','MOOD_LOG','앱 잠금 시도 횟수 기록하고 느낀 점 메모하기'),(10028,'ONCE','MOOD_LOG','자주 사용하는 앱 하나만 남기고 나머지 숨기기'),(10029,'ONCE','MOOD_LOG','집중을 방해한 앱 사용 시간 캡처 후 회고하기'),(10030,'ONCE','MOOD_LOG','앱 삭제 전과 후 집중도 비교 회고 작성하기'),(10031,'ONCE','MOOD_LOG','집중 시간에 방해 앱 알림 끄고 스샷 저장하기'),(10032,'ONCE','MOOD_LOG','앱별 사용시간 그래프 저장 후 요약 작성하기'),(10033,'ONCE','MOOD_LOG','디지털 사용으로 흐트러진 시간 복구 계획 세우기'),(10034,'ONCE','MOOD_LOG','집중 시간을 정하고 방해 앱 차단 설정하기'),(10035,'TIME_MINUTE','MOOD_LOG','기상 후 {0:d}분 동안 스마트폰 알림 확인 안 하기'),(10036,'ONCE','MOOD_LOG','집중 시간에 스마트폰 비행기 모드 켜고 실천하기'),(10037,'NUMBER_2','MOOD_LOG','스마트폰 사용 욕구 생긴 순간 메모로 기록하기'),(10038,'NUMBER_2','MOOD_LOG','SNS 접속 전, 접속 목적과 기한을 메모하기'),(10040,'NUMBER_2','MOOD_LOG','오늘 디지털 사용 중 불편함 느낀 순간 정리하기'),(10041,'NUMBER_2','MOOD_LOG','디지털 절제에 도움이 된 행동 구체적으로 기록하기'),(10042,'NUMBER_2','MOOD_LOG','집중 시간 전, 방해 요인 예상하고 대처법 기록하기'),(10043,'NUMBER_1','MOOD_LOG','오늘 집중을 방해한 디지털 요소 1가지 기록하기'),(10044,'NUMBER_2','MOOD_LOG','스마트폰 사용 후 집중력 변화에 대한 자가 평가하기'),(10045,'TIME_MINUTE','MOOD_LOG','집중 유지 시간 측정 후 결과 기록하기'),(10046,'NUMBER_1','MOOD_LOG','오늘 하루 디지털 사용 습관 중 개선점 1가지 도출하기'),(10047,'NUMBER_1','MOOD_LOG','디지털 절제 목표를 이루기 위한 구체 행동 1가지 계획하기'),(10048,'ONCE','MOOD_LOG','집중 공부 전, 스마트폰 차단 설정 인증하기'),(10049,'NUMBER_1','MOOD_LOG','디지털 절제 도전을 위한 하루 목표 문장 작성하기'),(10050,'NUMBER_2','MOOD_LOG','디지털 사용 회고 일지 작성하고 감정 상태 기록하기'),(20001,'TIME_MINUTE','MOOD_LOG','기상 후 {0:d}분 내로 스트레칭 시작하기'),(20002,'TIME_MINUTE','MOOD_LOG','아침 공복 상태에서 {0:d}분간 산책하기'),(20003,'TIME_MINUTE','MOOD_LOG','잠자기 전 {0:d}분 동안 수면 유도 명상하기'),(20004,'NUMBER_1','MOOD_LOG','오늘 섭취한 가공식품 개수 기록하기'),(20005,'ONCE','MOOD_LOG','수분 섭취 상황 체크하고 수분 부족 자각하기'),(20006,'ONCE','MOOD_LOG','건강 루틴 실천 전후 기분 변화 기록하기'),(20007,'TIME_HOUR','MOOD_LOG','오늘 하루 동안 {0:d}시간 이상 앉아 있었는지 기록하기'),(20008,'NUMBER_2','MOOD_LOG','앱을 활용해 하루 걸음 수 {0:d}회 이상 기록하기'),(20009,'ONCE','MOOD_LOG','스트레칭 루틴을 위해 필요한 도구 준비하기'),(20010,'NUMBER_1','MOOD_LOG','수면 환경 개선을 위한 오늘의 행동 1가지 적기'),(20011,'NUMBER_1','MOOD_LOG','오늘 하루 {0:d}잔 이상의 물 마시기'),(20012,'NUMBER_1','MOOD_LOG','오늘 기상 직후 스트레칭 루틴 1가지를 실천하기'),(20013,'NUMBER_2','MOOD_LOG','아침 식사 전 가벼운 손목 돌리기 루틴 수행하기'),(20014,'TIME_MINUTE','MOOD_LOG','아침 기상 후 창문 열고 1분간 깊게 숨쉬기'),(20015,'NUMBER_2','MOOD_LOG','앉아있는 자세에서 어깨 회전 스트레칭 수행하기'),(20016,'ONCE','MOOD_LOG','건강 루틴 성공 사례 찾아보고 1가지 따라 실천하기'),(20017,'NUMBER_1','MOOD_LOG','하루 1회 이상 의식적으로 물 1컵 마시기'),(20018,'TIME_MINUTE','MOOD_LOG','하루 중 1회, 허리 펴고 바른 자세로 3분 유지하기'),(20019,'ONCE','MOOD_LOG','오늘 실천한 건강 루틴에 대해 간단히 회고하기'),(20020,'TIME_MINUTE','MOOD_LOG','기상 후 {0:d}분 동안 스마트폰 미사용하고 기지개 켜기'),(20021,'ONCE','MOOD_LOG','스트레칭 루틴 진행 전 컨디션 자가 점검하기'),(20022,'NUMBER_2','MOOD_LOG','하루 중 1회 이상 스스로 자세 점검하고 교정하기'),(20023,'ONCE','MOOD_LOG','자주 하는 건강 루틴에 대한 점검 질문 만들기'),(20024,'ONCE','MOOD_LOG','디지털 절제와 건강 루틴 동시 실천 체크리스트 만들기'),(20025,'ONCE','MOOD_LOG','오늘 실천한 건강 루틴 1가지 사진으로 남기기'),(20026,'ONCE','MOOD_LOG','앱에 기록된 수면 시간 확인 후 전날 루틴 되돌아보기'),(20027,'ONCE','MOOD_LOG','오늘 실천한 건강 루틴 중 가장 어려웠던 항목 메모하기'),(20028,'NUMBER_1','MOOD_LOG','건강 루틴 도전 전 예상되는 장애물 1가지 적기'),(20029,'ONCE','MOOD_LOG','스트레칭 시 자주 뻣뻣한 부위 인식하고 기록하기'),(20030,'ONCE','MOOD_LOG','루틴 중 통증 혹은 불편 감각 생긴 부위 기록하기'),(20031,'ONCE','MOOD_LOG','자주 까먹는 건강 루틴 1가지 외부 자극으로 알림 설정하기'),(20032,'NUMBER_1','MOOD_LOG','기록한 루틴 체크리스트 하루 1회 검토하고 피드백 작성'),(20033,'NUMBER_2','MOOD_LOG','건강 루틴 실천 전후 기분 변화 감지하고 기록하기'),(20034,'ONCE','MOOD_LOG','루틴 미수행 이유 1가지 적고 대처 방안 메모하기'),(20035,'NUMBER_1','MOOD_LOG','건강 루틴 실천 후 불편했던 점 1가지 적기'),(20036,'TIME_MINUTE','MOOD_LOG','기상 후 {0:d}분 안에 건강 루틴 1개 수행하기'),(20037,'NUMBER_1','MOOD_LOG','건강 루틴 체크리스트 항목 수 변화 추이 기록하기'),(20038,'NUMBER_2','MOOD_LOG','운동 루틴 후 신체 반응 변화 일지 쓰기'),(20039,'NUMBER_1','MOOD_LOG','평소보다 루틴 수행이 쉬웠던 날, 이유 적기'),(20040,'NUMBER_1','MOOD_LOG','하루 중 건강 루틴 실천이 어려운 시간대 적기'),(20041,'NUMBER_1','MOOD_LOG','가장 선호하는 건강 루틴 1가지 이유와 함께 정리'),(20042,'NUMBER_1','MOOD_LOG','오늘 실천한 건강 루틴 중 가장 성취감 느낀 루틴 기록'),(20043,'ONCE','MOOD_LOG','매일 실천 가능한 건강 루틴을 1가지 새로 정하고 선언하기'),(20044,'NUMBER_2','MOOD_LOG','매일 아침 공복 상태에서 스트레칭 루틴 {0:d}개 수행하기'),(20045,'ONCE','MOOD_LOG','기상 후 창문 열고 실내 공기 환기하기'),(20046,'NUMBER_2','MOOD_LOG','운동 전후 맥박 수 측정해서 비교 기록하기'),(20047,'NUMBER_2','MOOD_LOG','식사 전후 컨디션 차이 체크하고 기록하기'),(20048,'TIME_MINUTE','MOOD_LOG','잠들기 전 30분간 디지털 기기 사용 중단 유지하기'),(20049,'ONCE','MOOD_LOG','걷기 전후 컨디션 체크하고 기분 일지 남기기'),(20050,'ONCE','MOOD_LOG','건강 루틴 전체 회고 작성하고 다음 날 계획 세우기'),(30001,'NUMBER_1','MOOD_LOG','감정 변화가 느껴질 때 즉시 감정 단어 메모하기'),(30002,'NUMBER_1','MOOD_LOG','하루 중 인상 깊은 감정 경험 회상해서 기록하기'),(30003,'NUMBER_1','MOOD_LOG','감정 일기 작성 시 시간/상황/생각 3요소 함께 기록하기'),(30004,'NUMBER_1','MOOD_LOG','하루에 느낀 긍정 감정 1가지 이상 찾아서 메모하기'),(30005,'NUMBER_1','MOOD_LOG','감정 이름 붙이기 연습을 위해 감정카드 랜덤 뽑기'),(30006,'TIME_MINUTE','MOOD_LOG','감정기록 노트를 매일 같은 시간에 작성하기'),(30007,'NUMBER_1','MOOD_LOG','최근 감정기록 중 반복된 감정 찾아서 정리하기'),(30008,'NUMBER_1','MOOD_LOG','감정기록에 감정 강도(1~5) 수치로 표시하기'),(30009,'NUMBER_1','MOOD_LOG','기록한 감정의 원인 추론 문장 추가로 작성하기'),(30010,'NUMBER_1','MOOD_LOG','감정기록 중 부정 감정 표현은 긍정 언어로 재해석'),(30011,'NUMBER_1','MOOD_LOG','하루 중 기억나는 감정 표현을 말로 풀어보기'),(30012,'NUMBER_1','MOOD_LOG','감정에 따라 행동이 달라진 순간 메모하기'),(30013,'NUMBER_1','MOOD_LOG','최근 있었던 갈등 상황에서 느낀 감정 복기하기'),(30014,'NUMBER_1','MOOD_LOG','감정 표현 문장을 일상 대화 속에 1회 이상 사용하기'),(30015,'ONCE','MOOD_LOG','감정일기 내용을 친구나 가족에게 공유해보기'),(30016,'NUMBER_1','MOOD_LOG','감정 요약 키워드를 하루 1개씩 기록하기'),(30017,'NUMBER_1','MOOD_LOG','감정을 1단어로 요약하는 훈련을 매일 반복하기'),(30018,'NUMBER_1','MOOD_LOG','오늘 하루 감정을 상징하는 이모지 고르기'),(30019,'NUMBER_1','MOOD_LOG','감정 키워드에 별점 매겨서 강도 표현하기'),(30021,'NUMBER_1','MOOD_LOG','감정 키워드에 연결된 상황 간단히 메모하기'),(30022,'NUMBER_1','MOOD_LOG','감정 요약 키워드를 하루 단어장에 정리하기'),(30023,'NUMBER_1','MOOD_LOG','부정 감정이 올라왔던 순간을 짧게 기록하기'),(30024,'NUMBER_1','MOOD_LOG','감정 트리거 상황을 스티커나 기호로 표시하기'),(30025,'NUMBER_1','MOOD_LOG','부정 감정 후 자동으로 드는 생각 적어보기'),(30026,'NUMBER_1','MOOD_LOG','트리거 감정의 물리적 반응(심장박동 등) 인식하기'),(30027,'NUMBER_1','MOOD_LOG','트리거 감정을 마주했을 때 감정 전환 시도하기'),(30028,'NUMBER_1','MOOD_LOG','아침에 오늘 감정 상태 예상해보기'),(30029,'NUMBER_1','MOOD_LOG','저녁에 하루 감정 상태를 수치로 정리해보기'),(30030,'NUMBER_1','MOOD_LOG','감정 체크리스트 항목을 작성해 매일 점검하기'),(30031,'NUMBER_1','MOOD_LOG','자가체크 결과를 한 문장 요약으로 남기기'),(30032,'ONCE','MOOD_LOG','감정 체크 상태를 색상으로 시각화해보기'),(30121,'NUMBER_1','MOOD_LOG','하루 감정의 시작 시간대를 매일 기록하기'),(30122,'NUMBER_1','MOOD_LOG','감정이 급변한 시간대를 중심으로 메모하기'),(30123,'NUMBER_1','MOOD_LOG','감정 변화가 잦은 시간대에 주의 표시하기'),(30124,'NUMBER_1','MOOD_LOG','감정 변화 시점과 활동 내용 간 상관성 정리'),(30125,'ONCE','MOOD_LOG','감정 변화 시간대를 표로 시각화해보기'),(30126,'NUMBER_1','MOOD_LOG','내가 만든 감정 기록 양식을 일주일 간 사용하기'),(30127,'ONCE','MOOD_LOG','감정 기록 시스템의 항목을 직접 커스터마이징하기'),(30128,'NUMBER_1','MOOD_LOG','감정 기록 툴의 개선 아이디어를 3가지 이상 제안하기'),(30129,'ONCE','MOOD_LOG','지금까지의 감정 기록 데이터를 백업해보기'),(30130,'ONCE','MOOD_LOG','개선된 감정 기록 양식으로 하루 기록 테스트하기'),(30131,'NUMBER_1','MOOD_LOG','감정 인식 훈련 피드백을 일지로 남기기'),(30132,'ONCE','MOOD_LOG','피드백 중 기억에 남는 조언 정리해서 공유하기'),(30133,'NUMBER_1','MOOD_LOG','스스로 느낀 변화나 개선점 3가지 정리하기'),(30134,'NUMBER_1','MOOD_LOG','감정 표현 훈련에서 어려웠던 점 피드백 작성'),(30135,'ONCE','MOOD_LOG','피드백 내용을 바탕으로 다음 실천 계획 세우기'),(30136,'NUMBER_1','MOOD_LOG','감정 표현을 적용한 사례를 하루에 하나씩 기록'),(30137,'NUMBER_1','MOOD_LOG','일상 대화에서 감정을 표현한 순간을 메모'),(30138,'NUMBER_1','MOOD_LOG','감정 표현이 어려웠던 순간을 다시 써보기'),(30139,'NUMBER_1','MOOD_LOG','감정 표현을 위해 단어 선택에 신경 쓴 사례 적기'),(30140,'NUMBER_1','MOOD_LOG','표현 방식에 따른 반응 차이 비교해보기'),(30141,'NUMBER_1','MOOD_LOG','감정 리프레이밍 문장을 매일 1개 작성하기'),(30142,'NUMBER_1','MOOD_LOG','부정 감정을 긍정 시선으로 바꿔 적기'),(30143,'NUMBER_1','MOOD_LOG','감정 리프레이밍에 유용한 문장 5개 정리하기'),(30144,'NUMBER_1','MOOD_LOG','하루 동안 실천한 리프레이밍 사례 기록하기'),(30145,'NUMBER_1','MOOD_LOG','감정 리프레이밍 실패 사례를 돌아보고 개선점 정리'),(30146,'NUMBER_1','MOOD_LOG','하루 1회 감정 체크 루틴을 설정하고 기록하기'),(30147,'NUMBER_1','MOOD_LOG','루틴 수행 시간과 감정 상태를 함께 기록하기'),(30148,'ONCE','MOOD_LOG','감정 체크 루틴 수행 여부를 시각화해보기'),(30149,'NUMBER_1','MOOD_LOG','체크 루틴이 안 된 날의 이유를 짧게 정리하기'),(30150,'NUMBER_1','MOOD_LOG','루틴 지속 여부에 따라 느낀 감정 차이 정리하기'),(49000,'NUMBER_1','MOOD_LOG','(더미)집중 환경 조성 1 - number타입'),(49001,'ONCE','MOOD_LOG','(더미)집중 환경 조성 2 - once타입'),(49002,'TIME_MINUTE','MOOD_LOG','(더미)집중 환경 조성 3 - time_minute타입'),(49003,'TIME_HOUR','MOOD_LOG','(더미)집중 환경 조성 4 - time_hour타입'),(49004,'DISTANCE','MOOD_LOG','(더미)집중 환경 조성 5 - distance타입'),(49005,'NUMBER_1','MOOD_LOG','(더미)집중 환경 조성 6 - number타입'),(49006,'ONCE','MOOD_LOG','(더미)집중 환경 조성 7 - once타입'),(49007,'TIME_MINUTE','MOOD_LOG','(더미)집중 환경 조성 8 - time_minute타입'),(49008,'TIME_HOUR','MOOD_LOG','(더미)집중 환경 조성 9 - time_hour타입'),(49009,'DISTANCE','MOOD_LOG','(더미)집중 환경 조성 10 - distance타입'),(49013,'TIME_HOUR','MOOD_LOG','(더미)집중 환경 조성 14 - time_hour타입'),(49014,'DISTANCE','MOOD_LOG','(더미)집중 환경 조성 15 - distance타입'),(49016,'ONCE','MOOD_LOG','(더미)집중 환경 조성 17 - once타입'),(49018,'TIME_HOUR','MOOD_LOG','(더미)집중 환경 조성 19 - time_hour타입'),(49019,'DISTANCE','MOOD_LOG','(더미)집중 환경 조성 20 - distance타입'),(59001,'ONCE','MOOD_LOG','(더미)창작 습관 만들기 2 - once타입'),(59002,'TIME_MINUTE','MOOD_LOG','(더미)창작 습관 만들기 3 - time_minute타입'),(59004,'DISTANCE','MOOD_LOG','(더미)창작 습관 만들기 5 - distance타입'),(59005,'NUMBER_1','MOOD_LOG','(더미)창작 습관 만들기 6 - number타입'),(59006,'ONCE','MOOD_LOG','(더미)창작 습관 만들기 7 - once타입'),(59007,'TIME_MINUTE','MOOD_LOG','(더미)창작 습관 만들기 8 - time_minute타입'),(59008,'TIME_HOUR','MOOD_LOG','(더미)창작 습관 만들기 9 - time_hour타입'),(59009,'DISTANCE','MOOD_LOG','(더미)창작 습관 만들기 10 - distance타입'),(59010,'NUMBER_1','MOOD_LOG','(더미)창작 습관 만들기 11 - number타입'),(59011,'ONCE','MOOD_LOG','(더미)창작 습관 만들기 12 - once타입'),(59014,'DISTANCE','MOOD_LOG','(더미)창작 습관 만들기 15 - distance타입'),(59016,'ONCE','MOOD_LOG','(더미)창작 습관 만들기 17 - once타입'),(59019,'DISTANCE','MOOD_LOG','(더미)창작 습관 만들기 20 - distance타입'),(69000,'NUMBER_1','MOOD_LOG','(더미)의사소통 훈련 1 - number타입'),(69001,'ONCE','MOOD_LOG','(더미)의사소통 훈련 2 - once타입'),(69002,'TIME_MINUTE','MOOD_LOG','(더미)의사소통 훈련 3 - time_minute타입'),(69003,'TIME_HOUR','MOOD_LOG','(더미)의사소통 훈련 4 - time_hour타입'),(69004,'DISTANCE','MOOD_LOG','(더미)의사소통 훈련 5 - distance타입'),(69005,'NUMBER_1','MOOD_LOG','(더미)의사소통 훈련 6 - number타입'),(69006,'ONCE','MOOD_LOG','(더미)의사소통 훈련 7 - once타입'),(69007,'TIME_MINUTE','MOOD_LOG','(더미)의사소통 훈련 8 - time_minute타입'),(69008,'TIME_HOUR','MOOD_LOG','(더미)의사소통 훈련 9 - time_hour타입'),(69009,'DISTANCE','MOOD_LOG','(더미)의사소통 훈련 10 - distance타입'),(69010,'NUMBER_1','MOOD_LOG','(더미)의사소통 훈련 11 - number타입'),(69011,'ONCE','MOOD_LOG','(더미)의사소통 훈련 12 - once타입'),(69012,'TIME_MINUTE','MOOD_LOG','(더미)의사소통 훈련 13 - time_minute타입'),(69013,'TIME_HOUR','MOOD_LOG','(더미)의사소통 훈련 14 - time_hour타입'),(69014,'DISTANCE','MOOD_LOG','(더미)의사소통 훈련 15 - distance타입'),(69015,'NUMBER_1','MOOD_LOG','(더미)의사소통 훈련 16 - number타입'),(69016,'ONCE','MOOD_LOG','(더미)의사소통 훈련 17 - once타입'),(69017,'TIME_MINUTE','MOOD_LOG','(더미)의사소통 훈련 18 - time_minute타입'),(69018,'TIME_HOUR','MOOD_LOG','(더미)의사소통 훈련 19 - time_hour타입'),(69019,'DISTANCE','MOOD_LOG','(더미)의사소통 훈련 20 - distance타입'),(79000,'NUMBER_1','MOOD_LOG','(더미)목표 계획 루틴 1 - number타입'),(79001,'ONCE','MOOD_LOG','(더미)목표 계획 루틴 2 - once타입'),(79002,'TIME_MINUTE','MOOD_LOG','(더미)목표 계획 루틴 3 - time_minute타입'),(79003,'TIME_HOUR','MOOD_LOG','(더미)목표 계획 루틴 4 - time_hour타입'),(79005,'NUMBER_1','MOOD_LOG','(더미)목표 계획 루틴 6 - number타입'),(79006,'ONCE','MOOD_LOG','(더미)목표 계획 루틴 7 - once타입'),(79007,'TIME_MINUTE','MOOD_LOG','(더미)목표 계획 루틴 8 - time_minute타입'),(79008,'TIME_HOUR','MOOD_LOG','(더미)목표 계획 루틴 9 - time_hour타입'),(79009,'DISTANCE','MOOD_LOG','(더미)목표 계획 루틴 10 - distance타입'),(79010,'NUMBER_1','MOOD_LOG','(더미)목표 계획 루틴 11 - number타입'),(79011,'ONCE','MOOD_LOG','(더미)목표 계획 루틴 12 - once타입'),(79012,'TIME_MINUTE','MOOD_LOG','(더미)목표 계획 루틴 13 - time_minute타입'),(79013,'TIME_HOUR','MOOD_LOG','(더미)목표 계획 루틴 14 - time_hour타입'),(79015,'NUMBER_1','MOOD_LOG','(더미)목표 계획 루틴 16 - number타입'),(79016,'ONCE','MOOD_LOG','(더미)목표 계획 루틴 17 - once타입'),(79017,'TIME_MINUTE','MOOD_LOG','(더미)목표 계획 루틴 18 - time_minute타입'),(79018,'TIME_HOUR','MOOD_LOG','(더미)목표 계획 루틴 19 - time_hour타입'),(79019,'DISTANCE','MOOD_LOG','(더미)목표 계획 루틴 20 - distance타입'),(89000,'NUMBER_1','MOOD_LOG','(더미)기록 습관 형성 1 - number타입'),(89001,'ONCE','MOOD_LOG','(더미)기록 습관 형성 2 - once타입'),(89002,'TIME_MINUTE','MOOD_LOG','(더미)기록 습관 형성 3 - time_minute타입'),(89003,'TIME_HOUR','MOOD_LOG','(더미)기록 습관 형성 4 - time_hour타입'),(89005,'NUMBER_1','MOOD_LOG','(더미)기록 습관 형성 6 - number타입'),(89006,'ONCE','MOOD_LOG','(더미)기록 습관 형성 7 - once타입'),(89008,'TIME_HOUR','MOOD_LOG','(더미)기록 습관 형성 9 - time_hour타입'),(89013,'TIME_HOUR','MOOD_LOG','(더미)기록 습관 형성 14 - time_hour타입'),(89014,'DISTANCE','MOOD_LOG','(더미)기록 습관 형성 15 - distance타입'),(89018,'TIME_HOUR','MOOD_LOG','(더미)기록 습관 형성 19 - time_hour타입'),(89019,'DISTANCE','MOOD_LOG','(더미)기록 습관 형성 20 - distance타입'),(99000,'NUMBER_1','MOOD_LOG','(더미)학습 루틴 만들기 1 - number타입'),(99001,'ONCE','MOOD_LOG','(더미)학습 루틴 만들기 2 - once타입'),(99002,'TIME_MINUTE','MOOD_LOG','(더미)학습 루틴 만들기 3 - time_minute타입'),(99003,'TIME_HOUR','MOOD_LOG','(더미)학습 루틴 만들기 4 - time_hour타입'),(99004,'DISTANCE','MOOD_LOG','(더미)학습 루틴 만들기 5 - distance타입'),(99005,'NUMBER_1','MOOD_LOG','(더미)학습 루틴 만들기 6 - number타입'),(99006,'ONCE','MOOD_LOG','(더미)학습 루틴 만들기 7 - once타입'),(99007,'TIME_MINUTE','MOOD_LOG','(더미)학습 루틴 만들기 8 - time_minute타입'),(99008,'TIME_HOUR','MOOD_LOG','(더미)학습 루틴 만들기 9 - time_hour타입'),(99009,'DISTANCE','MOOD_LOG','(더미)학습 루틴 만들기 10 - distance타입'),(99011,'ONCE','MOOD_LOG','(더미)학습 루틴 만들기 12 - once타입'),(99012,'TIME_MINUTE','MOOD_LOG','(더미)학습 루틴 만들기 13 - time_minute타입'),(99014,'DISTANCE','MOOD_LOG','(더미)학습 루틴 만들기 15 - distance타입'),(99015,'NUMBER_1','MOOD_LOG','(더미)학습 루틴 만들기 16 - number타입'),(99016,'ONCE','MOOD_LOG','(더미)학습 루틴 만들기 17 - once타입'),(99017,'TIME_MINUTE','MOOD_LOG','(더미)학습 루틴 만들기 18 - time_minute타입'),(99018,'TIME_HOUR','MOOD_LOG','(더미)학습 루틴 만들기 19 - time_hour타입'),(99019,'DISTANCE','MOOD_LOG','(더미)학습 루틴 만들기 20 - distance타입'),(109000,'NUMBER_1','MOOD_LOG','(더미)새로운 시도 도전 1 - number타입'),(109001,'ONCE','MOOD_LOG','(더미)새로운 시도 도전 2 - once타입'),(109002,'TIME_MINUTE','MOOD_LOG','(더미)새로운 시도 도전 3 - time_minute타입'),(109003,'TIME_HOUR','MOOD_LOG','(더미)새로운 시도 도전 4 - time_hour타입'),(109004,'DISTANCE','MOOD_LOG','(더미)새로운 시도 도전 5 - distance타입'),(109005,'NUMBER_1','MOOD_LOG','(더미)새로운 시도 도전 6 - number타입'),(109006,'ONCE','MOOD_LOG','(더미)새로운 시도 도전 7 - once타입'),(109007,'TIME_MINUTE','MOOD_LOG','(더미)새로운 시도 도전 8 - time_minute타입'),(109009,'DISTANCE','MOOD_LOG','(더미)새로운 시도 도전 10 - distance타입'),(109011,'ONCE','MOOD_LOG','(더미)새로운 시도 도전 12 - once타입'),(109012,'TIME_MINUTE','MOOD_LOG','(더미)새로운 시도 도전 13 - time_minute타입'),(109013,'TIME_HOUR','MOOD_LOG','(더미)새로운 시도 도전 14 - time_hour타입'),(109015,'NUMBER_1','MOOD_LOG','(더미)새로운 시도 도전 16 - number타입'),(109016,'ONCE','MOOD_LOG','(더미)새로운 시도 도전 17 - once타입'),(109017,'TIME_MINUTE','MOOD_LOG','(더미)새로운 시도 도전 18 - time_minute타입'),(109018,'TIME_HOUR','MOOD_LOG','(더미)새로운 시도 도전 19 - time_hour타입'),(109019,'DISTANCE','MOOD_LOG','(더미)새로운 시도 도전 20 - distance타입'),(110000,'TIME_MINUTE','MOOD_LOG','(더미)체력 단련 1 - time_minute'),(110001,'TIME_HOUR','MOOD_LOG','(더미)체력 단련 2 - time_hour'),(110002,'NUMBER_1','MOOD_LOG','(더미)체력 단련 3 - number'),(110003,'DISTANCE','MOOD_LOG','(더미)체력 단련 4 - distance'),(110004,'ONCE','MOOD_LOG','(더미)체력 단련 5 - once'),(110005,'TIME_MINUTE','MOOD_LOG','(더미)체력 단련 6 - time_minute'),(110006,'TIME_HOUR','MOOD_LOG','(더미)체력 단련 7 - time_hour'),(110007,'NUMBER_1','MOOD_LOG','(더미)체력 단련 8 - number'),(110008,'DISTANCE','MOOD_LOG','(더미)체력 단련 9 - distance'),(110009,'ONCE','MOOD_LOG','(더미)체력 단련 10 - once'),(110010,'TIME_MINUTE','MOOD_LOG','(더미)체력 단련 11 - time_minute'),(110011,'TIME_HOUR','MOOD_LOG','(더미)체력 단련 12 - time_hour'),(110012,'NUMBER_1','MOOD_LOG','(더미)체력 단련 13 - number'),(110013,'DISTANCE','MOOD_LOG','(더미)체력 단련 14 - distance'),(110014,'ONCE','MOOD_LOG','(더미)체력 단련 15 - once'),(110015,'TIME_MINUTE','MOOD_LOG','(더미)체력 단련 16 - time_minute'),(110016,'TIME_HOUR','MOOD_LOG','(더미)체력 단련 17 - time_hour'),(110017,'NUMBER_1','MOOD_LOG','(더미)체력 단련 18 - number'),(110018,'DISTANCE','MOOD_LOG','(더미)체력 단련 19 - distance'),(110019,'ONCE','MOOD_LOG','(더미)체력 단련 20 - once'),(120000,'TIME_MINUTE','MOOD_LOG','(더미)활기찬 아침 루틴 1 - time_minute'),(120001,'TIME_HOUR','MOOD_LOG','(더미)활기찬 아침 루틴 2 - time_hour'),(120002,'NUMBER_1','MOOD_LOG','(더미)활기찬 아침 루틴 3 - number'),(120003,'DISTANCE','MOOD_LOG','(더미)활기찬 아침 루틴 4 - distance'),(120004,'ONCE','MOOD_LOG','(더미)활기찬 아침 루틴 5 - once'),(120005,'TIME_MINUTE','MOOD_LOG','(더미)활기찬 아침 루틴 6 - time_minute'),(120006,'TIME_HOUR','MOOD_LOG','(더미)활기찬 아침 루틴 7 - time_hour'),(120007,'NUMBER_1','MOOD_LOG','(더미)활기찬 아침 루틴 8 - number'),(120008,'DISTANCE','MOOD_LOG','(더미)활기찬 아침 루틴 9 - distance'),(120009,'ONCE','MOOD_LOG','(더미)활기찬 아침 루틴 10 - once'),(120010,'TIME_MINUTE','MOOD_LOG','(더미)활기찬 아침 루틴 11 - time_minute'),(120011,'TIME_HOUR','MOOD_LOG','(더미)활기찬 아침 루틴 12 - time_hour'),(120012,'NUMBER_1','MOOD_LOG','(더미)활기찬 아침 루틴 13 - number'),(120013,'DISTANCE','MOOD_LOG','(더미)활기찬 아침 루틴 14 - distance'),(120014,'ONCE','MOOD_LOG','(더미)활기찬 아침 루틴 15 - once'),(120015,'TIME_MINUTE','MOOD_LOG','(더미)활기찬 아침 루틴 16 - time_minute'),(120016,'TIME_HOUR','MOOD_LOG','(더미)활기찬 아침 루틴 17 - time_hour'),(120017,'NUMBER_1','MOOD_LOG','(더미)활기찬 아침 루틴 18 - number'),(120018,'DISTANCE','MOOD_LOG','(더미)활기찬 아침 루틴 19 - distance'),(120019,'ONCE','MOOD_LOG','(더미)활기찬 아침 루틴 20 - once');


-- main_sub_quest 테이블
INSERT INTO public.main_sub_quest(
    attribute1, attribute2, exp1, exp2, linked_attribute, main_quest_id, sub_quest_id) VALUES
                                                                                           (203,103,5,3,260,1001,10003),
                                                                                           (203,103,5,3,260,1001,10005),
                                                                                           (203,103,5,3,260,1001,10019),
                                                                                           (203,103,5,3,260,1001,10026),
                                                                                           (103,102,5,3,6,1002,10001),
                                                                                           (103,102,4,3,6,1002,10002),
                                                                                           (103,102,5,3,6,1002,10004),
                                                                                           (103,102,4,3,6,1002,10012),
                                                                                           (103,102,4,3,6,1002,10015),
                                                                                           (103,102,5,3,6,1002,10016),
                                                                                           (103,102,5,3,6,1002,10018),
                                                                                           (103,102,5,3,6,1002,10027),
                                                                                           (103,102,5,3,6,1002,10035),
                                                                                           (103,102,5,3,6,1002,10038),
                                                                                           (103,102,5,3,6,1002,10044),
                                                                                           (103,102,5,3,6,1003,10001),
                                                                                           (103,102,5,3,6,1003,10004),
                                                                                           (103,102,4,3,6,1003,10012),
                                                                                           (102,103,5,3,6,1003,10014),
                                                                                           (103,102,5,3,6,1003,10018),
                                                                                           (102,103,5,3,6,1003,10029),
                                                                                           (102,103,5,3,6,1003,10034),
                                                                                           (102,103,5,3,6,1003,10036),
                                                                                           (102,103,5,3,6,1003,10043),
                                                                                           (102,203,5,3,258,1003,10045),
                                                                                           (102,103,5,3,6,1003,10048),
                                                                                           (203,102,5,3,258,1004,10003),
                                                                                           (203,102,5,3,258,1004,10005),
                                                                                           (203,102,5,3,258,1004,10007),
                                                                                           (203,102,5,3,258,1004,10019),
                                                                                           (203,102,5,3,258,1004,10032),
                                                                                           (103,102,5,3,6,1007,10001),
                                                                                           (103,NULL,5,0,4,1007,10006),
                                                                                           (103,NULL,5,0,4,1007,10017),
                                                                                           (103,102,5,3,6,1007,10027),
                                                                                           (103,102,5,3,6,1007,10028),
                                                                                           (203,103,5,3,260,1008,10009),
                                                                                           (203,103,5,3,260,1008,10023),
                                                                                           (203,103,5,3,260,1008,10037),
                                                                                           (203,103,5,3,260,1008,10046),
                                                                                           (102,103,5,3,6,1009,10014),
                                                                                           (102,103,5,3,6,1009,10024),
                                                                                           (102,103,5,3,6,1009,10025),
                                                                                           (102,103,5,3,6,1009,10042),
                                                                                           (102,103,5,3,6,1009,10043),
                                                                                           (203,103,5,3,260,1010,10020),
                                                                                           (203,103,5,3,260,1010,10040),
                                                                                           (203,103,5,3,260,1010,10046),
                                                                                           (203,103,5,3,260,1010,10050),
                                                                                           (103,203,5,3,260,1012,10005),
                                                                                           (103,203,5,3,260,1012,10007),
                                                                                           (103,203,5,3,260,1012,10020),
                                                                                           (103,203,5,3,260,1012,10021),
                                                                                           (103,203,5,3,260,1012,10033),
                                                                                           (103,203,5,3,260,1012,10041),
                                                                                           (103,203,5,3,260,1012,10047),
                                                                                           (103,203,5,3,260,1012,10049),
                                                                                           (103,102,5,3,6,1013,10008),
                                                                                           (103,102,5,3,6,1013,10011),
                                                                                           (103,102,4,3,6,1013,10015),
                                                                                           (103,102,5,3,6,1013,10022),
                                                                                           (103,102,5,3,6,1013,10030),
                                                                                           (103,102,5,3,6,1013,10038),
                                                                                           (103,203,5,3,260,1013,10041),
                                                                                           (103,102,5,3,6,1013,10044),
                                                                                           (103,102,5,3,6,1015,10001),
                                                                                           (103,203,5,3,260,1015,10010),
                                                                                           (103,203,5,3,260,1015,10021),
                                                                                           (103,203,5,3,260,1015,10033),
                                                                                           (103,203,5,3,260,1015,10047),
                                                                                           (103,203,5,3,260,1015,10049),
                                                                                           (103,102,5,3,6,1016,10001),
                                                                                           (103,102,5,3,6,1016,10006),
                                                                                           (103,102,5,3,6,1016,10017),
                                                                                           (103,102,5,3,6,1016,10018),
                                                                                           (103,102,5,3,6,1016,10025),
                                                                                           (103,102,5,3,6,1016,10028),
                                                                                           (103,102,5,3,6,1016,10029),
                                                                                           (103,102,5,3,6,1016,10031),
                                                                                           (103,102,5,3,6,1016,10034),
                                                                                           (103,102,5,3,6,1016,10036),
                                                                                           (103,102,5,3,6,1016,10042),
                                                                                           (103,102,5,3,6,1018,10001),
                                                                                           (103,102,5,3,6,1018,10011),
                                                                                           (103,102,5,3,6,1018,10016),
                                                                                           (103,102,5,3,6,1018,10024),
                                                                                           (103,102,5,3,6,1018,10031),
                                                                                           (103,102,5,3,6,1018,10035),
                                                                                           (102,203,5,3,258,1018,10045),
                                                                                           (103,102,5,3,6,1018,10048),
                                                                                           (201,103,5,3,68,2001,20001),
                                                                                           (103,201,4,4,68,2001,20006),
                                                                                           (201,202,5,2,192,2001,20014),
                                                                                           (206,105,5,2,2064,2001,20028),
                                                                                           (201,105,5,2,80,2001,20036),
                                                                                           (203,201,5,2,320,2001,20041),
                                                                                           (105,206,5,2,2064,2001,20043),
                                                                                           (101,201,4,3,65,2001,20045),
                                                                                           (201,202,5,3,192,2002,20002),
                                                                                           (201,105,5,2,80,2002,20020),
                                                                                           (206,201,5,2,2112,2002,20033),
                                                                                           (201,206,5,2,2112,2002,20035),
                                                                                           (201,206,5,2,2112,2002,20038),
                                                                                           (201,101,5,3,65,2002,20047),
                                                                                           (103,201,5,3,68,2003,20003),
                                                                                           (103,201,4,4,68,2003,20006),
                                                                                           (201,105,5,2,80,2003,20012),
                                                                                           (201,105,5,2,80,2003,20013),
                                                                                           (105,203,5,2,272,2003,20019),
                                                                                           (105,206,5,2,2064,2003,20021),
                                                                                           (201,203,5,2,320,2003,20025),
                                                                                           (206,201,5,2,2112,2003,20029),
                                                                                           (201,206,5,2,2112,2003,20030),
                                                                                           (201,206,5,2,2112,2003,20035),
                                                                                           (201,101,5,3,65,2003,20046),
                                                                                           (201,202,5,3,192,2004,20002),
                                                                                           (201,203,5,3,320,2004,20008),
                                                                                           (201,202,5,2,192,2004,20014),
                                                                                           (201,105,5,2,80,2004,20017),
                                                                                           (105,203,5,2,272,2004,20024),
                                                                                           (203,105,5,2,272,2004,20032),
                                                                                           (203,206,5,2,2304,2004,20037),
                                                                                           (101,201,4,3,65,2004,20049),
                                                                                           (201,103,5,3,68,2005,20001),
                                                                                           (103,201,5,3,68,2005,20009),
                                                                                           (201,105,5,2,80,2005,20015),
                                                                                           (105,201,5,2,80,2005,20022),
                                                                                           (103,101,5,3,5,2005,20048),
                                                                                           (201,203,5,3,320,2006,20004),
                                                                                           (203,201,5,3,320,2006,20007),
                                                                                           (201,105,5,2,80,2006,20012),
                                                                                           (201,105,5,2,80,2006,20015),
                                                                                           (105,201,5,2,80,2006,20018),
                                                                                           (201,105,5,2,80,2006,20020),
                                                                                           (105,201,5,2,80,2006,20022),
                                                                                           (201,203,5,2,320,2006,20025),
                                                                                           (203,105,5,2,272,2006,20027),
                                                                                           (105,206,5,2,2064,2006,20031),
                                                                                           (206,201,5,2,2112,2006,20033),
                                                                                           (201,105,5,2,80,2006,20036),
                                                                                           (203,105,5,2,272,2006,20042),
                                                                                           (105,206,5,2,2064,2006,20043),
                                                                                           (101,201,5,3,65,2006,20044),
                                                                                           (103,201,5,3,68,2007,20003),
                                                                                           (103,203,5,3,260,2007,20010),
                                                                                           (201,105,5,2,80,2007,20017),
                                                                                           (105,203,5,2,272,2007,20024),
                                                                                           (103,201,4,4,68,2008,20005),
                                                                                           (201,103,5,3,68,2008,20011),
                                                                                           (206,105,5,2,2064,2008,20028),
                                                                                           (203,105,5,2,272,2008,20034),
                                                                                           (203,206,5,2,2304,2008,20040),
                                                                                           (201,203,5,3,320,2009,20004),
                                                                                           (105,206,5,2,2064,2009,20016),
                                                                                           (105,203,5,2,272,2009,20019),
                                                                                           (105,206,5,2,2064,2009,20021),
                                                                                           (206,105,5,2,2064,2009,20023),
                                                                                           (206,203,5,2,2304,2009,20026),
                                                                                           (203,105,5,2,272,2009,20027),
                                                                                           (203,105,5,2,272,2009,20032),
                                                                                           (203,105,5,2,272,2009,20034),
                                                                                           (203,105,5,2,272,2009,20039),
                                                                                           (203,105,5,2,272,2009,20042),
                                                                                           (201,101,5,3,65,2009,20050),
                                                                                           (103,203,12,8,260,3001,30001),
                                                                                           (203,104,12,8,264,3001,30002),
                                                                                           (203,103,10,10,260,3001,30003),
                                                                                           (104,203,12,8,264,3001,30004),
                                                                                           (104,103,10,10,12,3001,30005),
                                                                                           (203,103,12,8,260,3002,30006),
                                                                                           (103,203,12,8,260,3002,30007),
                                                                                           (203,104,10,10,264,3002,30008),
                                                                                           (104,203,12,8,264,3002,30009),
                                                                                           (104,103,12,8,12,3002,30010),
                                                                                           (104,103,12,8,12,3003,30011),
                                                                                           (103,203,12,8,260,3003,30012),
                                                                                           (103,104,10,10,12,3003,30013),
                                                                                           (104,103,10,10,12,3003,30014),
                                                                                           (106,104,10,10,40,3003,30015),
                                                                                           (203,104,12,8,264,3004,30016),
                                                                                           (104,203,12,8,264,3004,30017),
                                                                                           (104,203,12,8,264,3004,30018),
                                                                                           (203,103,12,8,260,3004,30019),
                                                                                           (203,104,12,8,264,3004,30021),
                                                                                           (203,104,12,8,264,3004,30022),
                                                                                           (103,203,12,8,260,3007,30023),
                                                                                           (103,203,12,8,260,3007,30024),
                                                                                           (203,103,12,8,260,3007,30025),
                                                                                           (103,104,12,8,12,3007,30026),
                                                                                           (103,203,12,8,260,3007,30027),
                                                                                           (103,203,12,8,260,3009,30028),
                                                                                           (203,103,12,8,260,3009,30029),
                                                                                           (103,203,12,8,260,3009,30030),
                                                                                           (203,103,12,8,260,3009,30031),
                                                                                           (203,103,12,8,260,3009,30032),
                                                                                           (203,104,12,8,264,3012,30121),
                                                                                           (203,104,12,8,264,3012,30122),
                                                                                           (203,103,12,8,260,3012,30123),
                                                                                           (104,203,12,8,264,3012,30124),
                                                                                           (203,104,12,8,264,3012,30125),
                                                                                           (203,104,12,8,264,3014,30126),
                                                                                           (104,203,12,8,264,3014,30127),
                                                                                           (104,203,12,8,264,3014,30128),
                                                                                           (203,103,12,8,260,3014,30129),
                                                                                           (203,104,12,8,264,3014,30130),
                                                                                           (203,103,12,8,260,3015,30131),
                                                                                           (203,104,12,8,264,3015,30132),
                                                                                           (104,203,12,8,264,3015,30133),
                                                                                           (203,103,12,8,260,3015,30134),
                                                                                           (103,203,12,8,260,3015,30135),
                                                                                           (104,103,12,8,12,3016,30136),
                                                                                           (103,104,12,8,12,3016,30137),
                                                                                           (104,103,12,8,12,3016,30138),
                                                                                           (104,103,12,8,12,3016,30139),
                                                                                           (104,203,12,8,264,3016,30140),
                                                                                           (103,104,12,8,12,3017,30141),
                                                                                           (103,104,12,8,12,3017,30142),
                                                                                           (104,203,12,8,264,3017,30143),
                                                                                           (203,104,12,8,264,3017,30144),
                                                                                           (103,203,12,8,260,3017,30145),
                                                                                           (203,103,12,8,260,3018,30146),
                                                                                           (203,103,12,8,260,3018,30147),
                                                                                           (203,104,12,8,264,3018,30148),
                                                                                           (103,203,12,8,260,3018,30149),
                                                                                           (104,203,12,8,264,3018,30150),
                                                                                           (102,105,10,5,18,4001,49000),
                                                                                           (102,105,10,5,18,4001,49018),
                                                                                           (105,202,10,5,144,4002,49001),
                                                                                           (105,202,10,5,144,4002,49019),
                                                                                           (202,102,10,5,130,4003,49002),
                                                                                           (102,105,10,5,18,4004,49003),
                                                                                           (105,202,10,5,144,4005,49004),
                                                                                           (202,102,10,5,130,4006,49005),
                                                                                           (102,105,10,5,18,4007,49006),
                                                                                           (105,202,10,5,144,4008,49007),
                                                                                           (202,102,10,5,130,4009,49008),
                                                                                           (102,105,10,5,18,4010,49009),
                                                                                           (105,202,10,5,144,4014,49013),
                                                                                           (202,102,10,5,130,4015,49014),
                                                                                           (105,202,10,5,144,4017,49016),
                                                                                           (105,204,10,5,528,5002,59001),
                                                                                           (105,204,10,5,528,5002,59019),
                                                                                           (204,104,10,5,520,5003,59002),
                                                                                           (105,204,10,5,528,5005,59004),
                                                                                           (204,104,10,5,520,5006,59005),
                                                                                           (104,105,10,5,24,5007,59006),
                                                                                           (105,204,10,5,528,5008,59007),
                                                                                           (204,104,10,5,520,5009,59008),
                                                                                           (104,105,10,5,24,5010,59009),
                                                                                           (105,204,10,5,528,5011,59010),
                                                                                           (204,104,10,5,520,5012,59011),
                                                                                           (204,104,10,5,520,5015,59014),
                                                                                           (105,204,10,5,528,5017,59016),
                                                                                           (106,205,10,5,1056,6001,69000),
                                                                                           (106,205,10,5,1056,6001,69018),
                                                                                           (205,103,10,5,1028,6002,69001),
                                                                                           (205,103,10,5,1028,6002,69019),
                                                                                           (103,106,10,5,36,6003,69002),
                                                                                           (106,205,10,5,1056,6004,69003),
                                                                                           (205,103,10,5,1028,6005,69004),
                                                                                           (103,106,10,5,36,6006,69005),
                                                                                           (106,205,10,5,1056,6007,69006),
                                                                                           (205,103,10,5,1028,6008,69007),
                                                                                           (103,106,10,5,36,6009,69008),
                                                                                           (106,205,10,5,1056,6010,69009),
                                                                                           (205,103,10,5,1028,6011,69010),
                                                                                           (103,106,10,5,36,6012,69011),
                                                                                           (106,205,10,5,1056,6013,69012),
                                                                                           (205,103,10,5,1028,6014,69013),
                                                                                           (103,106,10,5,36,6015,69014),
                                                                                           (106,205,10,5,1056,6016,69015),
                                                                                           (205,103,10,5,1028,6017,69016),
                                                                                           (103,106,10,5,36,6018,69017),
                                                                                           (102,105,10,5,18,7001,79000),
                                                                                           (102,105,10,5,18,7001,79018),
                                                                                           (105,202,10,5,144,7002,79001),
                                                                                           (105,202,10,5,144,7002,79019),
                                                                                           (202,102,10,5,130,7003,79002),
                                                                                           (102,105,10,5,18,7004,79003),
                                                                                           (202,102,10,5,130,7006,79005),
                                                                                           (102,105,10,5,18,7007,79006),
                                                                                           (105,202,10,5,144,7008,79007),
                                                                                           (202,102,10,5,130,7009,79008),
                                                                                           (102,105,10,5,18,7010,79009),
                                                                                           (105,202,10,5,144,7011,79010),
                                                                                           (202,102,10,5,130,7012,79011),
                                                                                           (102,105,10,5,18,7013,79012),
                                                                                           (105,202,10,5,144,7014,79013),
                                                                                           (102,105,10,5,18,7016,79015),
                                                                                           (105,202,10,5,144,7017,79016),
                                                                                           (202,102,10,5,130,7018,79017),
                                                                                           (105,103,10,5,20,8001,89000),
                                                                                           (105,103,10,5,20,8001,89018),
                                                                                           (103,203,10,5,260,8002,89001),
                                                                                           (103,203,10,5,260,8002,89019),
                                                                                           (203,105,10,5,272,8003,89002),
                                                                                           (105,103,10,5,20,8004,89003),
                                                                                           (203,105,10,5,272,8006,89005),
                                                                                           (105,103,10,5,20,8007,89006),
                                                                                           (203,105,10,5,272,8009,89008),
                                                                                           (103,203,10,5,260,8014,89013),
                                                                                           (203,105,10,5,272,8015,89014),
                                                                                           (102,101,10,5,3,9001,99000),
                                                                                           (102,101,10,5,3,9001,99018),
                                                                                           (101,206,10,5,2049,9002,99001),
                                                                                           (101,206,10,5,2049,9002,99019),
                                                                                           (206,102,10,5,2050,9003,99002),
                                                                                           (102,101,10,5,3,9004,99003),
                                                                                           (101,206,10,5,2049,9005,99004),
                                                                                           (206,102,10,5,2050,9006,99005),
                                                                                           (102,101,10,5,3,9007,99006),
                                                                                           (101,206,10,5,2049,9008,99007),
                                                                                           (206,102,10,5,2050,9009,99008),
                                                                                           (102,101,10,5,3,9010,99009),
                                                                                           (206,102,10,5,2050,9012,99011),
                                                                                           (102,101,10,5,3,9013,99012),
                                                                                           (206,102,10,5,2050,9015,99014),
                                                                                           (102,101,10,5,3,9016,99015),
                                                                                           (101,206,10,5,2049,9017,99016),
                                                                                           (206,102,10,5,2050,9018,99017),
                                                                                           (106,104,10,5,40,10001,109000),
                                                                                           (106,104,10,5,40,10001,109018),
                                                                                           (104,204,10,5,520,10002,109001),
                                                                                           (104,204,10,5,520,10002,109019),
                                                                                           (204,106,10,5,544,10003,109002),
                                                                                           (106,104,10,5,40,10004,109003),
                                                                                           (104,204,10,5,520,10005,109004),
                                                                                           (204,106,10,5,544,10006,109005),
                                                                                           (106,104,10,5,40,10007,109006),
                                                                                           (104,204,10,5,520,10008,109007),
                                                                                           (106,104,10,5,40,10010,109009),
                                                                                           (204,106,10,5,544,10012,109011),
                                                                                           (106,104,10,5,40,10013,109012),
                                                                                           (104,204,10,5,520,10014,109013),
                                                                                           (106,104,10,5,40,10016,109015),
                                                                                           (104,204,10,5,520,10017,109016),
                                                                                           (204,106,10,5,544,10018,109017),
                                                                                           (201,105,5,3,80,11001,110000),
                                                                                           (201,103,5,2,68,11001,110016),
                                                                                           (201,202,4,2,192,11002,110001),
                                                                                           (203,201,5,3,320,11003,110002),
                                                                                           (203,104,3,2,264,11003,110017),
                                                                                           (201,104,4,2,72,11004,110003),
                                                                                           (105,103,3,3,20,11005,110004),
                                                                                           (201,101,4,2,65,11006,110005),
                                                                                           (201,203,5,3,320,11007,110006),
                                                                                           (201,203,4,2,320,11007,110018),
                                                                                           (101,103,4,3,5,11008,110007),
                                                                                           (202,104,3,2,136,11009,110008),
                                                                                           (203,201,4,2,320,11010,110009),
                                                                                           (202,105,3,3,144,11011,110010),
                                                                                           (201,105,5,2,80,11012,110011),
                                                                                           (202,201,4,2,192,11013,110012),
                                                                                           (201,101,3,2,65,11014,110013),
                                                                                           (201,105,5,2,80,11014,110019),
                                                                                           (201,103,4,3,68,11015,110014),
                                                                                           (203,101,3,2,257,11016,110015),
                                                                                           (101,202,4,2,129,12001,120000),
                                                                                           (202,105,3,3,144,12002,120001),
                                                                                           (105,103,5,2,20,12003,120002),
                                                                                           (105,103,5,2,20,12003,120011),
                                                                                           (203,101,4,3,257,12004,120003),
                                                                                           (203,101,4,3,257,12004,120012),
                                                                                           (101,106,4,3,33,12006,120004),
                                                                                           (101,106,4,3,33,12006,120013),
                                                                                           (201,105,5,2,80,12007,120005),
                                                                                           (201,105,4,2,80,12007,120014),
                                                                                           (201,101,4,3,65,12008,120006),
                                                                                           (201,101,5,2,65,12008,120015),
                                                                                           (201,105,5,2,80,12010,120007),
                                                                                           (201,203,3,2,320,12010,120016),
                                                                                           (202,201,3,3,192,12012,120008),
                                                                                           (202,103,4,2,132,12012,120017),
                                                                                           (105,202,4,3,144,12014,120009),
                                                                                           (105,202,3,3,144,12014,120018),
                                                                                           (202,101,4,2,129,12015,120010),
                                                                                           (202,101,4,2,129,12015,120019);